Long Station Name,Collection Date,EC,Sacramento X2,Location,WYT,Br
Rock Slough @ Old River,1/24/1990,962,79.66720736,OMR,C,0.69
Clifton Court Intake,2/21/1990,472,80.12996718,OMR,C,0.26
Rock Slough @ Old River,2/23/1990,598,83.08252588,OMR,C,0.37
Clifton Court Intake,3/20/1990,404,85.09103604,OMR,C,0.22
Rock Slough @ Old River,3/20/1990,548,85.09103604,OMR,C,0.34
Rock Slough @ Old River,4/25/1990,864,87.22990049,OMR,C,0.66
Clifton Court Intake,5/23/1990,654,90.30188297,OMR,C,0.34
Rock Slough @ Old River,5/23/1990,660,90.30188297,OMR,C,0.42
Rock Slough @ Old River,6/26/1990,377,87.03302324,OMR,C,0.2
Clifton Court Intake,6/27/1990,786,84.4854239,OMR,C,0.24
Middle River at Bacon Island Bridge,7/9/1990,330,87.6328401,OMR,C,0.16
Grant Line/Fabian/Bell Canals nr Old R.,7/10/1990,367,87.75334412,SouthDelta,C,0.19
Old River North of Rock Slough (St 4b),7/10/1990,408,87.75334412,OMR,C,0.25
Rock Slough @ Old River,7/10/1990,449,87.75334412,OMR,C,0.28
Middle River at Bacon Island Bridge,7/16/1990,303,85.00509504,OMR,C,0.16
Rock Slough @ Old River,7/16/1990,441,85.00509504,OMR,C,0.32
Old River North of Rock Slough (St 4b),7/16/1990,450,85.00509504,OMR,C,0.34
Grant Line/Fabian/Bell Canals nr Old R.,7/16/1990,777,85.00509504,SouthDelta,C,0.43
Clifton Court Intake,7/25/1990,457,87.85147172,OMR,C,0.31
Little Connection Sl. @ Empire Tr.,7/26/1990,160,86.56430395,SJRcorridor,C,0.03
Middle River at Bacon Island Bridge,7/26/1990,286,86.56430395,OMR,C,0.14
Grant Line/Fabian/Bell Canals nr Old R.,7/26/1990,396,86.56430395,SouthDelta,C,0.3
Old River North of Rock Slough (St 4b),7/26/1990,524,86.56430395,OMR,C,0.44
Rock Slough @ Old River,7/26/1990,572,86.56430395,OMR,C,0.48
Grant Ln Can @ Tracy Rd Bdg,7/26/1990,843,86.56430395,SouthDelta,C,0.38
San Joaquin River @ Mossdale Bridge - C7A,7/26/1990,853,86.56430395,SJRcorridor,C,0.43
Old River nr Tracy,7/26/1990,916,86.56430395,SouthDelta,C,0.43
Middle River at Bacon Island Bridge,7/30/1990,281,85.42890232,OMR,C,0.15
Old River North of Rock Slough (St 4b),7/31/1990,533,85.26138636,OMR,C,0.4
Rock Slough @ Old River,7/31/1990,547,85.26138636,OMR,C,0.4
Grant Line/Fabian/Bell Canals nr Old R.,7/31/1990,828,85.26138636,SouthDelta,C,0.43
Middle River at Bacon Island Bridge,8/6/1990,458,86.53798294,OMR,C,0.3
Grant Line/Fabian/Bell Canals nr Old R.,8/7/1990,482,84.4251127,SouthDelta,C,0.31
Old River North of Rock Slough (St 4b),8/7/1990,595,84.4251127,OMR,C,0.53
Rock Slough @ Old River,8/7/1990,635,84.4251127,OMR,C,0.49
Middle River at Bacon Island Bridge,8/13/1990,296,82.37363354,OMR,C,0.18
Old River North of Rock Slough (St 4b),8/13/1990,504,82.37363354,OMR,C,0.39
Rock Slough @ Old River,8/13/1990,508,82.37363354,OMR,C,0.39
Grant Line/Fabian/Bell Canals nr Old R.,8/13/1990,672,82.37363354,SouthDelta,C,0.37
Clifton Court Intake,8/21/1990,397,82.94560259,OMR,C,0.28
Little Connection Sl. @ Empire Tr.,8/22/1990,178,83.47764088,SJRcorridor,C,0.04
Middle River at Bacon Island Bridge,8/22/1990,269,83.47764088,OMR,C,0.16
Old River North of Rock Slough (St 4b),8/22/1990,463,83.47764088,OMR,C,0.34
Rock Slough @ Old River,8/22/1990,477,83.47764088,OMR,C,0.36
Grant Line/Fabian/Bell Canals nr Old R.,8/22/1990,652,83.47764088,SouthDelta,C,0.38
Grant Ln Can @ Tracy Rd Bdg,8/22/1990,735,83.47764088,SouthDelta,C,0.48
San Joaquin River @ Mossdale Bridge - C7A,8/22/1990,738,83.47764088,SJRcorridor,C,0.44
Old River nr Tracy,8/22/1990,857,83.47764088,SouthDelta,C,0.55
Middle River at Bacon Island Bridge,8/27/1990,267,83.52017111,OMR,C,0.15
Rock Slough @ Old River,8/28/1990,461,84.07314596,OMR,C,0.39
Old River North of Rock Slough (St 4b),8/28/1990,464,84.07314596,OMR,C,0.36
Grant Line/Fabian/Bell Canals nr Old R.,8/28/1990,644,84.07314596,SouthDelta,C,0.41
Middle River at Bacon Island Bridge,9/4/1990,293,85.84737194,OMR,C,0.16
Old River North of Rock Slough (St 4b),9/5/1990,474,86.59648732,OMR,C,0.36
Rock Slough @ Old River,9/5/1990,483,86.59648732,OMR,C,0.35
Grant Line/Fabian/Bell Canals nr Old R.,9/5/1990,816,86.59648732,SouthDelta,C,0.5
Middle River at Bacon Island Bridge,9/10/1990,302,83.68375569,OMR,C,0.18
Grant Line/Fabian/Bell Canals nr Old R.,9/11/1990,397,86.1336185,SouthDelta,C,0.26
Rock Slough @ Old River,9/11/1990,510,86.1336185,OMR,C,0.44
Old River North of Rock Slough (St 4b),9/11/1990,527,86.1336185,OMR,C,0.47
Grant Line/Fabian/Bell Canals nr Old R.,9/17/1990,422,85.19881494,SouthDelta,C,0.28
Old River North of Rock Slough (St 4b),9/17/1990,544,85.19881494,OMR,C,0.45
Rock Slough @ Old River,9/17/1990,548,85.19881494,OMR,C,0.47
Middle River at Bacon Island Bridge,9/18/1990,327,87.49634818,OMR,C,0.2
Middle River at Bacon Island Bridge,9/24/1990,368,90.82305445,OMR,C,0.21
Clifton Court Intake,9/24/1990,504,90.82305445,OMR,C,0.41
Grant Line/Fabian/Bell Canals nr Old R.,9/25/1990,447,91.8739207,SouthDelta,C,0.33
Old River North of Rock Slough (St 4b),9/25/1990,573,91.8739207,OMR,C,0.46
Rock Slough @ Old River,9/25/1990,583,91.8739207,OMR,C,0.49
Grant Line/Fabian/Bell Canals nr Old R.,10/1/1990,595,91.47315676,SouthDelta,C,0.38
Old River North of Rock Slough (St 4b),10/1/1990,613,91.47315676,OMR,C,0.51
Rock Slough @ Old River,10/1/1990,618,91.47315676,OMR,C,0.53
Middle River at Bacon Island Bridge,10/2/1990,437,92.40360011,OMR,C,0.25
Contra Costa PP Number 01,10/2/1990,625,92.40360011,OMR,C,0.51
Middle River at Bacon Island Bridge,10/10/1990,481,93.96433834,OMR,C,0.26
Grant Line/Fabian/Bell Canals nr Old R.,10/11/1990,631,94.23950241,SouthDelta,C,0.39
Rock Slough @ Old River,10/11/1990,816,94.23950241,OMR,C,0.7
Old River North of Rock Slough (St 4b),10/11/1990,836,94.23950241,OMR,C,0.74
Middle River at Bacon Island Bridge,10/16/1990,542,94.0236734,OMR,C,0.35
Grant Line/Fabian/Bell Canals nr Old R.,10/17/1990,761,93.81403956,SouthDelta,C,0.45
Rock Slough @ Old River,10/17/1990,847,93.81403956,OMR,C,0.69
Old River North of Rock Slough (St 4b),10/17/1990,863,93.81403956,OMR,C,0.67
Clifton Court Intake,10/23/1990,710,94.64630634,OMR,C,0.52
Little Connection Sl. @ Empire Tr.,10/24/1990,191,94.04183083,SJRcorridor,C,0.04
Middle River at Bacon Island Bridge,10/24/1990,585,94.04183083,OMR,C,0.39
Grant Line/Fabian/Bell Canals nr Old R.,10/24/1990,703,94.04183083,SouthDelta,C,0.49
San Joaquin River @ Mossdale Bridge - C7A,10/24/1990,739,94.04183083,SJRcorridor,C,0.37
Old River North of Rock Slough (St 4b),10/24/1990,921,94.04183083,OMR,C,0.76
Rock Slough @ Old River,10/24/1990,960,94.04183083,OMR,C,0.77
Grant Ln Can @ Tracy Rd Bdg,10/24/1990,1030,94.04183083,SouthDelta,C,0.51
Old River nr Tracy,10/24/1990,1140,94.04183083,SouthDelta,C,0.59
Middle River at Bacon Island Bridge,10/30/1990,656,93.26510574,OMR,C,0.38
Grant Line/Fabian/Bell Canals nr Old R.,10/31/1990,817,92.89347904,SouthDelta,C,0.53
Rock Slough @ Old River,10/31/1990,828,92.89347904,OMR,C,0.68
Old River North of Rock Slough (St 4b),10/31/1990,832,92.89347904,OMR,C,0.66
Middle River at Bacon Island Bridge,11/13/1990,625,93.89378554,OMR,C,0.32
Grant Line/Fabian/Bell Canals nr Old R.,11/14/1990,715,93.90716742,SouthDelta,C,0.44
Rock Slough @ Old River,11/14/1990,848,93.90716742,OMR,C,0.64
Old River North of Rock Slough (St 4b),11/14/1990,859,93.90716742,OMR,C,0.67
Middle River at Bacon Island Bridge,11/27/1990,618,93.19458317,OMR,C,0.35
Grant Line/Fabian/Bell Canals nr Old R.,11/28/1990,829,92.60675328,SouthDelta,C,0.43
Rock Slough @ Old River,11/28/1990,949,92.60675328,OMR,C,0.77
Old River North of Rock Slough (St 4b),11/28/1990,959,92.60675328,OMR,C,0.79
Middle River at Bacon Island Bridge,12/11/1990,542,93.08539402,OMR,C,0.3
Clifton Court Intake,12/11/1990,853,93.08539402,OMR,C,0.63
Grant Line/Fabian/Bell Canals nr Old R.,12/12/1990,781,93.02603777,SouthDelta,C,0.55
Old River North of Rock Slough (St 4b),12/12/1990,1060,93.02603777,OMR,C,0.88
Rock Slough @ Old River,12/12/1990,1100,93.02603777,OMR,C,0.91
Middle River at Bacon Island Bridge,1/2/1991,536,93.51732212,OMR,C,0.3
Old River North of Rock Slough (St 4b),1/2/1991,880,93.51732212,OMR,C,0.7
Rock Slough @ Old River,1/2/1991,907,93.51732212,OMR,C,0.73
Grant Line/Fabian/Bell Canals nr Old R.,1/2/1991,1100,93.51732212,SouthDelta,C,0.53
Middle River at Bacon Island Bridge,1/15/1991,501,92.72130445,OMR,C,0.26
Old River North of Rock Slough (St 4b),1/16/1991,861,92.74078739,OMR,C,0.68
Rock Slough @ Old River,1/16/1991,862,92.74078739,OMR,C,0.68
Grant Line/Fabian/Bell Canals nr Old R.,1/16/1991,1150,92.74078739,SouthDelta,C,0.53
Little Connection Sl. @ Empire Tr.,1/29/1991,344,94.90599798,SJRcorridor,C,0.11
Middle River at Bacon Island Bridge,1/29/1991,532,94.90599798,OMR,C,0.29
Grant Line/Fabian/Bell Canals nr Old R.,1/29/1991,700,94.90599798,SouthDelta,C,0.49
Old River North of Rock Slough (St 4b),1/29/1991,878,94.90599798,OMR,C,0.72
Rock Slough @ Old River,1/29/1991,897,94.90599798,OMR,C,0.74
San Joaquin River @ Mossdale Bridge - C7A,1/29/1991,1100,94.90599798,SJRcorridor,C,0.58
Grant Ln Can @ Tracy Rd Bdg,1/29/1991,1240,94.90599798,SouthDelta,C,0.62
Old River nr Tracy,1/29/1991,1320,94.90599798,SouthDelta,C,0.66
Clifton Court Intake,1/31/1991,731,94.0793962,OMR,C,0.45
Middle River at Bacon Island Bridge,2/13/1991,557,94.27904419,OMR,C,0.37
Rock Slough @ Old River,2/14/1991,1070,93.77396204,OMR,C,0.88
Grant Line/Fabian/Bell Canals nr Old R.,2/14/1991,1080,93.77396204,SouthDelta,C,0.54
Old River North of Rock Slough (St 4b),2/14/1991,1090,93.77396204,OMR,C,0.91
Grant Line/Fabian/Bell Canals nr Old R.,2/25/1991,840,94.18554964,SouthDelta,C,0.6
Old River North of Rock Slough (St 4b),2/25/1991,1080,94.18554964,OMR,C,0.89
Rock Slough @ Old River,2/25/1991,1080,94.18554964,OMR,C,0.88
Middle River at Bacon Island Bridge,2/26/1991,610,94.34149831,OMR,C,0.42
Clifton Court Intake,2/27/1991,840,95.15255136,OMR,C,0.63
Middle River at Bacon Island Bridge,3/11/1991,514,78.62871498,OMR,C,0.3
Old River North of Rock Slough (St 4b),3/12/1991,779,78.72735886,OMR,C,0.6
Rock Slough @ Old River,3/12/1991,859,78.72735886,OMR,C,0.65
Grant Line/Fabian/Bell Canals nr Old R.,3/12/1991,1210,78.72735886,SouthDelta,C,0.55
Middle River at Bacon Island Bridge,3/25/1991,469,72.32639176,OMR,C,0.26
Old River North of Rock Slough (St 4b),3/26/1991,549,72.01442228,OMR,C,0.35
Rock Slough @ Old River,3/26/1991,567,72.01442228,OMR,C,0.36
Grant Line/Fabian/Bell Canals nr Old R.,3/26/1991,698,72.01442228,SouthDelta,C,0.23
Clifton Court Intake,3/27/1991,548,71.68911216,OMR,C,0.34
Middle River at Bacon Island Bridge,4/9/1991,306,70.47185036,OMR,C,0.13
Old River North of Rock Slough (St 4b),4/9/1991,320,70.47185036,OMR,C,0.14
Rock Slough @ Old River,4/9/1991,323,70.47185036,OMR,C,0.16
Grant Line/Fabian/Bell Canals nr Old R.,4/9/1991,666,70.47185036,SouthDelta,C,0.26
Little Connection Sl. @ Empire Tr.,4/23/1991,251,85.01362795,SJRcorridor,C,0.08
Middle River at Bacon Island Bridge,4/23/1991,294,85.01362795,OMR,C,0.11
San Joaquin River @ Mossdale Bridge - C7A,4/23/1991,1330,85.01362795,SJRcorridor,C,0.6
Grant Ln Can @ Tracy Rd Bdg,4/23/1991,1360,85.01362795,SouthDelta,C,0.7
Old River nr Tracy,4/23/1991,1510,85.01362795,SouthDelta,C,0.78
Clifton Court Intake,4/24/1991,792,86.48122671,OMR,C,0.32
Middle River at Bacon Island Bridge,5/21/1991,359,91.14886705,OMR,C,0.14
Clifton Court Intake,5/21/1991,527,91.14886705,OMR,C,0.24
Contra Costa PP Number 01,5/21/1991,537,91.14886705,OMR,C,0.27
Grant Line/Fabian/Bell Canals nr Old R.,5/22/1991,479,90.63835999,SouthDelta,C,0.2
Rock Slough @ Old River,5/22/1991,596,90.63835999,OMR,C,0.36
Old River North of Rock Slough (St 4b),5/22/1991,613,90.63835999,OMR,C,0.38
Middle River at Bacon Island Bridge,6/11/1991,468,92.37007644,OMR,C,0.26
Grant Line/Fabian/Bell Canals nr Old R.,6/13/1991,575,92.96709129,SouthDelta,C,0.37
Rock Slough @ Old River,6/13/1991,713,92.96709129,OMR,C,0.57
Old River North of Rock Slough (St 4b),6/13/1991,719,92.96709129,OMR,C,0.58
Contra Costa PP Number 01,6/24/1991,705,92.83977948,OMR,C,0.47
Clifton Court Intake,6/25/1991,607,93.04612539,OMR,C,0.36
Grant Line/Fabian/Bell Canals nr Old R.,6/26/1991,636,92.70986559,SouthDelta,C,0.4
Old River North of Rock Slough (St 4b),6/26/1991,639,92.70986559,OMR,C,0.46
Rock Slough @ Old River,6/26/1991,647,92.70986559,OMR,C,0.47
Middle River at Bacon Island Bridge,6/28/1991,451,91.92518677,OMR,C,0.23
Middle River at Bacon Island Bridge,7/8/1991,414,90.66370954,OMR,C,0.21
Grant Line/Fabian/Bell Canals nr Old R.,7/10/1991,564,92.07471565,SouthDelta,C,0.36
Rock Slough @ Old River,7/10/1991,630,92.07471565,OMR,C,0.52
Old River North of Rock Slough (St 4b),7/10/1991,648,92.07471565,OMR,C,0.53
Clifton Court Intake,7/23/1991,528,91.47785985,OMR,C,0.3
Little Connection Sl. @ Empire Tr.,7/24/1991,275,92.78926842,SJRcorridor,C,0.13
Middle River at Bacon Island Bridge,7/24/1991,404,92.78926842,OMR,C,0.22
Middle R @ Tracy Rd Bdg,7/24/1991,454,92.78926842,SouthDelta,C,0.27
Grant Line/Fabian/Bell Canals nr Old R.,7/24/1991,511,92.78926842,SouthDelta,C,0.36
Old River North of Rock Slough (St 4b),7/24/1991,595,92.78926842,OMR,C,0.49
Rock Slough @ Old River,7/24/1991,596,92.78926842,OMR,C,0.48
San Joaquin River @ Mossdale Bridge - C7A,7/24/1991,962,92.78926842,SJRcorridor,C,0.49
Grant Ln Can @ Tracy Rd Bdg,7/24/1991,974,92.78926842,SouthDelta,C,0.52
Old River nr Tracy,7/24/1991,1110,92.78926842,SouthDelta,C,0.59
Middle River at Bacon Island Bridge,8/5/1991,415,91.32485805,OMR,C,0.23
Grant Line/Fabian/Bell Canals nr Old R.,8/7/1991,536,92.52821793,SouthDelta,C,0.36
Old River North of Rock Slough (St 4b),8/7/1991,539,92.52821793,OMR,C,0.42
Rock Slough @ Old River,8/7/1991,546,92.52821793,OMR,C,0.44
Little Connection Sl. @ Empire Tr.,8/21/1991,245,88.57096592,SJRcorridor,C,0.09
Middle River at Bacon Island Bridge,8/21/1991,347,88.57096592,OMR,C,0.22
Rock Slough @ Old River,8/21/1991,550,88.57096592,OMR,C,0.37
Old River North of Rock Slough (St 4b),8/21/1991,551,88.57096592,OMR,C,0.38
Contra Costa PP Number 01,8/21/1991,699,88.57096592,OMR,C,0.45
Grant Line/Fabian/Bell Canals nr Old R.,8/21/1991,840,88.57096592,SouthDelta,C,0.44
San Joaquin River @ Mossdale Bridge - C7A,8/21/1991,950,88.57096592,SJRcorridor,C,0.5
Grant Ln Can @ Tracy Rd Bdg,8/21/1991,1000,88.57096592,SouthDelta,C,0.55
Old River nr Tracy,8/21/1991,1140,88.57096592,SouthDelta,C,0.53
Middle River at Bacon Island Bridge,9/10/1991,323,92.73110822,OMR,C,0.2
Clifton Court Intake,9/10/1991,469,92.73110822,OMR,C,0.36
Contra Costa PP Number 01,9/11/1991,782,92.53683095,OMR,C,0.5
Grant Line/Fabian/Bell Canals nr Old R.,9/12/1991,423,88.08357466,SouthDelta,C,0.29
Old River North of Rock Slough (St 4b),9/12/1991,702,88.08357466,OMR,C,0.55
Rock Slough @ Old River,9/12/1991,722,88.08357466,OMR,C,0.58
Middle River at Bacon Island Bridge,9/24/1991,365,90.17385402,OMR,C,0.23
Grant Line/Fabian/Bell Canals nr Old R.,9/26/1991,457,89.13268814,SouthDelta,C,0.26
Old River North of Rock Slough (St 4b),9/26/1991,705,89.13268814,OMR,C,0.51
Rock Slough @ Old River,9/26/1991,741,89.13268814,OMR,C,0.56
Middle River at Bacon Island Bridge,10/8/1991,398,88.19157893,OMR,C,0.21
Grant Line/Fabian/Bell Canals nr Old R.,10/10/1991,430,88.47167384,SouthDelta,C,0.22
Rock Slough @ Old River,10/10/1991,554,88.47167384,OMR,C,0.36
Old River North of Rock Slough (St 4b),10/10/1991,563,88.47167384,OMR,C,0.34
Little Connection Sl. @ Empire Tr.,10/23/1991,160,94.27657666,SJRcorridor,C,0.03
Middle River at Bacon Island Bridge,10/23/1991,365,94.27657666,OMR,C,0.14
Grant Line/Fabian/Bell Canals nr Old R.,10/23/1991,463,94.27657666,SouthDelta,C,0.24
Contra Costa PP Number 01,10/23/1991,585,94.27657666,OMR,C,0.38
Rock Slough @ Old River,10/23/1991,637,94.27657666,OMR,C,0.43
Old River North of Rock Slough (St 4b),10/23/1991,665,94.27657666,OMR,C,0.47
San Joaquin River @ Mossdale Bridge - C7A,10/23/1991,727,94.27657666,SJRcorridor,C,0.34
Grant Ln Can @ Tracy Rd Bdg,10/23/1991,997,94.27657666,SouthDelta,C,0.05
Old River nr Tracy,10/23/1991,1220,94.27657666,SouthDelta,C,0.59
Contra Costa PP Number 01,11/19/1991,836,93.6335894,OMR,C,0.66
Middle River at Bacon Island Bridge,11/21/1991,547,93.42904814,OMR,C,0.31
Clifton Court Intake,11/21/1991,688,93.42904814,OMR,C,0.48
Contra Costa PP Number 01,12/9/1991,988,94.2937316,OMR,C,0.77
Middle River at Bacon Island Bridge,12/11/1991,609,94.35994762,OMR,C,0.34
Clifton Court Intake,12/11/1991,810,94.35994762,OMR,C,0.5
Grant Line/Fabian/Bell Canals nr Old R.,12/19/1991,909,95.49778406,SouthDelta,C,0.45
Old River North of Rock Slough (St 4b),12/19/1991,950,95.49778406,OMR,C,0.67
Rock Slough @ Old River,12/19/1991,967,95.49778406,OMR,C,0.74
Middle River at Bacon Island Bridge,1/7/1992,519,93.01508883,OMR,C,0.25
Little Connection Sl. @ Empire Tr.,1/23/1992,247,92.69366513,SJRcorridor,C,0.04
Middle River at Bacon Island Bridge,1/23/1992,455,92.69366513,OMR,C,0.2
Grant Line/Fabian/Bell Canals nr Old R.,1/23/1992,546,92.69366513,SouthDelta,C,0.27
Contra Costa PP Number 01,1/23/1992,732,92.69366513,OMR,C,0.46
Rock Slough @ Old River,1/23/1992,792,92.69366513,OMR,C,0.5
Old River North of Rock Slough (St 4b),1/23/1992,837,92.69366513,OMR,C,0.53
San Joaquin River @ Mossdale Bridge - C7A,1/23/1992,1080,92.69366513,SJRcorridor,C,0.44
Grant Ln Can @ Tracy Rd Bdg,1/23/1992,1100,92.69366513,SouthDelta,C,0.43
Old River nr Tracy,1/23/1992,1150,92.69366513,SouthDelta,C,0.48
Contra Costa PP Number 01,2/24/1992,793,66.71267132,OMR,C,0.45
Clifton Court Intake,2/25/1992,554,65.86224313,OMR,C,0.21
Old River North of Rock Slough (St 4b),3/11/1992,302,67.72093556,OMR,C,0.07
Rock Slough @ Old River,3/11/1992,318,67.72093556,OMR,C,0.08
Grant Line/Fabian/Bell Canals nr Old R.,3/11/1992,360,67.72093556,SouthDelta,C,0.09
Contra Costa PP Number 01,3/24/1992,421,67.98576989,OMR,C,0.1
Middle River at Bacon Island Bridge,3/26/1992,290,68.43776556,OMR,C,0.06
Clifton Court Intake,3/26/1992,321,68.43776556,OMR,C,0.07
Middle River at Bacon Island Bridge,4/7/1992,297,81.84286737,OMR,C,0.06
Old River North of Rock Slough (St 4b),4/8/1992,327,79.86326901,OMR,C,0.08
Rock Slough @ Old River,4/8/1992,334,79.86326901,OMR,C,0.09
Grant Line/Fabian/Bell Canals nr Old R.,4/8/1992,340,79.86326901,SouthDelta,C,0.08
Little Connection Sl. @ Empire Tr.,4/22/1992,231,77.19407905,SJRcorridor,C,0.04
Old River North of Rock Slough (St 4b),4/22/1992,325,77.19407905,OMR,C,0.08
Rock Slough @ Old River,4/22/1992,330,77.19407905,OMR,C,0.08
Middle River at Bacon Island Bridge,4/22/1992,335,77.19407905,OMR,C,0.07
Contra Costa PP Number 01,4/22/1992,362,77.19407905,OMR,C,0.08
Grant Line/Fabian/Bell Canals nr Old R.,4/22/1992,409,77.19407905,SouthDelta,C,0.11
San Joaquin River @ Mossdale Bridge - C7A,4/22/1992,834,77.19407905,SJRcorridor,C,0.31
Grant Ln Can @ Tracy Rd Bdg,4/22/1992,932,77.19407905,SouthDelta,C,0.32
Old River nr Tracy,4/22/1992,1110,77.19407905,SouthDelta,C,0.4
Old River North of Rock Slough (St 4b),5/5/1992,331,86.61933596,OMR,C,0.09
Rock Slough @ Old River,5/5/1992,337,86.61933596,OMR,C,0.1
Grant Line/Fabian/Bell Canals nr Old R.,5/5/1992,397,86.61933596,SouthDelta,C,0.1
Middle River at Bacon Island Bridge,5/7/1992,456,90.34949329,OMR,C,0.13
Contra Costa PP Number 01,5/19/1992,451,92.35936602,OMR,C,0.17
Middle River at Bacon Island Bridge,5/21/1992,458,91.77345049,OMR,C,0.16
Clifton Court Intake,5/21/1992,463,91.77345049,OMR,C,0.16
Clifton Court Intake,6/4/1992,569,92.61021102,OMR,C,0.25
Middle River at Bacon Island Bridge,6/9/1992,535,88.84783983,OMR,C,0.25
Grant Line/Fabian/Bell Canals nr Old R.,6/11/1992,686,90.14218042,SouthDelta,C,0.37
Old River North of Rock Slough (St 4b),6/11/1992,934,90.14218042,OMR,C,0.59
Rock Slough @ Old River,6/11/1992,947,90.14218042,OMR,C,0.62
Contra Costa PP Number 01,6/23/1992,885,92.2794422,OMR,C,0.62
Middle River at Bacon Island Bridge,6/25/1992,564,90.85817896,OMR,C,0.33
Clifton Court Intake,6/25/1992,724,90.85817896,OMR,C,0.47
Grant Line/Fabian/Bell Canals nr Old R.,7/9/1992,724,91.63677332,SouthDelta,C,0.48
Old River North of Rock Slough (St 4b),7/9/1992,795,91.63677332,OMR,C,0.6
Rock Slough @ Old River,7/9/1992,812,91.63677332,OMR,C,0.63
Little Connection Sl. @ Empire Tr.,7/22/1992,179,92.3938467,SJRcorridor,C,0.06
Middle River at Bacon Island Bridge,7/22/1992,527,92.3938467,OMR,C,0.36
Rock Slough @ Old River,7/22/1992,899,92.3938467,OMR,C,0.73
Grant Line/Fabian/Bell Canals nr Old R.,7/22/1992,900,92.3938467,SouthDelta,C,0.48
Contra Costa PP Number 01,7/22/1992,905,92.3938467,OMR,C,0.68
Old River North of Rock Slough (St 4b),7/22/1992,909,92.3938467,OMR,C,0.75
San Joaquin River @ Mossdale Bridge - C7A,7/22/1992,979,92.3938467,SJRcorridor,C,0.57
Grant Ln Can @ Tracy Rd Bdg,7/22/1992,1100,92.3938467,SouthDelta,C,0.64
Old River nr Tracy,7/22/1992,1120,92.3938467,SouthDelta,C,0.63
Middle River at Bacon Island Bridge,8/4/1992,571,93.425676,OMR,C,0.39
Old River North of Rock Slough (St 4b),8/6/1992,840,92.5804813,OMR,C,0.66
Rock Slough @ Old River,8/6/1992,878,92.5804813,OMR,C,0.69
Little Connection Sl. @ Empire Tr.,8/19/1992,163,92.0935494,SJRcorridor,C,0.03
Middle River at Bacon Island Bridge,8/19/1992,484,92.0935494,OMR,C,0.3
Grant Line/Fabian/Bell Canals nr Old R.,8/19/1992,822,92.0935494,SouthDelta,C,0.51
Rock Slough @ Old River,8/19/1992,901,92.0935494,OMR,C,0.72
Contra Costa PP Number 01,8/19/1992,904,92.0935494,OMR,C,0.74
Old River North of Rock Slough (St 4b),8/19/1992,915,92.0935494,OMR,C,0.73
Grant Ln Can @ Tracy Rd Bdg,8/19/1992,1080,92.0935494,SouthDelta,C,0.63
Old River nr Tracy,8/19/1992,1160,92.0935494,SouthDelta,C,0.69
Middle River at Bacon Island Bridge,9/1/1992,465,91.88565434,OMR,C,0.29
Old River North of Rock Slough (St 4b),9/3/1992,930,90.77667797,OMR,C,0.8
Rock Slough @ Old River,9/3/1992,933,90.77667797,OMR,C,0.8
Grant Line/Fabian/Bell Canals nr Old R.,9/3/1992,956,90.77667797,SouthDelta,C,0.49
Contra Costa PP Number 01,9/22/1992,882,92.38888101,OMR,C,0.71
Middle River at Bacon Island Bridge,9/24/1992,458,92.85385013,OMR,C,0.24
Clifton Court Intake,9/24/1992,717,92.85385013,OMR,C,0.53
Little Connection Sl. @ Empire Tr.,10/7/1992,232,92.45317986,SJRcorridor,AN,0.06
Middle River at Bacon Island Bridge,10/7/1992,522,92.45317986,OMR,AN,0.31
Grant Line/Fabian/Bell Canals nr Old R.,10/7/1992,684,92.45317986,SouthDelta,AN,0.43
Old River North of Rock Slough (St 4b),10/7/1992,835,92.45317986,OMR,AN,0.68
Rock Slough @ Old River,10/7/1992,849,92.45317986,OMR,AN,0.7
Grant Ln Can @ Tracy Rd Bdg,10/7/1992,881,92.45317986,SouthDelta,AN,0.45
Contra Costa PP Number 01,10/7/1992,900,92.45317986,OMR,AN,0.71
San Joaquin River @ Mossdale Bridge - C7A,10/7/1992,944,92.45317986,SJRcorridor,AN,0.54
Old River nr Tracy,10/7/1992,974,92.45317986,SouthDelta,AN,0.52
Middle River at Bacon Island Bridge,10/19/1992,534,94.57151352,OMR,AN,0.28
Old River North of Rock Slough (St 4b),10/20/1992,766,94.16017229,OMR,AN,0.6
Grant Line/Fabian/Bell Canals nr Old R.,10/20/1992,795,94.16017229,SouthDelta,AN,0.48
Rock Slough @ Old River,10/20/1992,811,94.16017229,OMR,AN,0.62
Contra Costa PP Number 01,11/17/1992,943,94.87189975,OMR,AN,0.64
Middle River at Bacon Island Bridge,11/19/1992,607,93.66767375,OMR,AN,0.37
Clifton Court Intake,11/19/1992,737,93.66767375,OMR,AN,0.5
Contra Costa PP Number 01,12/8/1992,933,96.70881536,OMR,AN,0.72
Middle River at Bacon Island Bridge,12/10/1992,686,95.44056579,OMR,AN,0.42
Clifton Court Intake,12/10/1992,875,95.44056579,OMR,AN,0.48
Little Connection Sl. @ Empire Tr.,1/13/1993,247,64.09402935,SJRcorridor,AN,0.05
Old River nr Tracy,1/13/1993,332,64.09402935,SouthDelta,AN,0.08
San Joaquin River @ Mossdale Bridge - C7A,1/13/1993,357,64.09402935,SJRcorridor,AN,0.09
Grant Ln Can @ Tracy Rd Bdg,1/13/1993,376,64.09402935,SouthDelta,AN,0.11
Middle River at Bacon Island Bridge,1/13/1993,423,64.09402935,OMR,AN,0.2
Contra Costa PP Number 01,1/13/1993,633,64.09402935,OMR,AN,0.29
Middle River at Bacon Island Bridge,1/26/1993,373,53.01541285,OMR,AN,0.1
Rock Slough @ Old River,1/27/1993,294,54.16889291,OMR,AN,0.07
Old River North of Rock Slough (St 4b),1/27/1993,302,54.16889291,OMR,AN,0.07
Middle River at Bacon Island Bridge,2/9/1993,320,67.78217395,OMR,AN,0.1
Clifton Court Intake,2/9/1993,345,67.78217395,OMR,AN,0.09
Contra Costa PP Number 01,2/10/1993,361,66.22571537,OMR,AN,0.08
Middle River at Bacon Island Bridge,2/16/1993,524,58.91466321,OMR,AN,0.17
Rock Slough @ Old River,2/18/1993,290,59.5796831,OMR,AN,0.06
Middle River at Bacon Island Bridge,3/9/1993,471,59.04059358,OMR,AN,0.14
Clifton Court Intake,3/9/1993,730,59.04059358,OMR,AN,0.24
Contra Costa PP Number 01,3/11/1993,801,59.02850507,OMR,AN,0.24
Old River North of Rock Slough (St 4b),3/23/1993,288,56.65439542,OMR,AN,0.07
Rock Slough @ Old River,3/23/1993,301,56.65439542,OMR,AN,0.07
Middle River at Bacon Island Bridge,3/25/1993,416,54.90975845,OMR,AN,0.12
Clifton Court Intake,4/8/1993,400,54.30864006,OMR,AN,0.12
Middle River at Bacon Island Bridge,4/8/1993,465,54.30864006,OMR,AN,0.15
Little Connection Sl. @ Empire Tr.,4/21/1993,145,62.38347365,SJRcorridor,AN,0.02
Rock Slough @ Old River,4/21/1993,211,62.38347365,OMR,AN,0.04
Old River North of Rock Slough (St 4b),4/21/1993,212,62.38347365,OMR,AN,0.04
Contra Costa PP Number 01,4/21/1993,265,62.38347365,OMR,AN,0.06
Middle River at Bacon Island Bridge,4/21/1993,440,62.38347365,OMR,AN,0.14
San Joaquin River @ Mossdale Bridge - C7A,4/21/1993,601,62.38347365,SJRcorridor,AN,0.19
Grant Ln Can @ Tracy Rd Bdg,4/21/1993,615,62.38347365,SouthDelta,AN,0.2
Old River nr Tracy,4/21/1993,802,62.38347365,SouthDelta,AN,0.28
Contra Costa PP Number 01,5/12/1993,410,63.16142825,OMR,AN,0.12
Middle River at Bacon Island Bridge,5/13/1993,411,61.911538,OMR,AN,0.13
Clifton Court Intake,5/13/1993,456,61.911538,OMR,AN,0.16
Contra Costa PP Number 01,6/8/1993,250,57.7015985,OMR,AN,0.06
Clifton Court Intake,6/10/1993,301,57.844797,OMR,AN,0.08
Middle River at Bacon Island Bridge,6/10/1993,337,57.844797,OMR,AN,0.1
Little Connection Sl. @ Empire Tr.,7/8/1993,120,75.05380959,SJRcorridor,AN,0.02
Old River North of Rock Slough (St 4b),7/8/1993,148,75.05380959,OMR,AN,0.03
Rock Slough @ Old River,7/8/1993,156,75.05380959,OMR,AN,0.04
Contra Costa PP Number 01,7/8/1993,159,75.05380959,OMR,AN,0.03
Middle River at Bacon Island Bridge,7/8/1993,203,75.05380959,OMR,AN,0.06
San Joaquin River @ Mossdale Bridge - C7A,7/8/1993,842,75.05380959,SJRcorridor,AN,0.36
Grant Ln Can @ Tracy Rd Bdg,7/8/1993,855,75.05380959,SouthDelta,AN,0.37
Old River nr Tracy,7/8/1993,950,75.05380959,SouthDelta,AN,0.44
Middle River at Bacon Island Bridge,7/20/1993,161,75.81769133,OMR,AN,0.04
Clifton Court Intake,7/20/1993,166,75.81769133,OMR,AN,0.04
Contra Costa PP Number 01,7/22/1993,159,69.41514716,OMR,AN,0.04
Middle River at Bacon Island Bridge,8/10/1993,147,70.9026113,OMR,AN,0.03
Clifton Court Intake,8/10/1993,348,70.9026113,OMR,AN,0.13
Contra Costa PP Number 01,8/12/1993,185,71.58781984,OMR,AN,0.06
Little Connection Sl. @ Empire Tr.,9/1/1993,162,78.41118016,SJRcorridor,AN,0.04
Middle River at Bacon Island Bridge,9/1/1993,175,78.41118016,OMR,AN,0.04
Contra Costa PP Number 01,9/1/1993,205,78.41118016,OMR,AN,0.06
Old River North of Rock Slough (St 4b),9/1/1993,212,78.41118016,OMR,AN,0.08
Rock Slough @ Old River,9/1/1993,216,78.41118016,OMR,AN,0.08
San Joaquin River @ Mossdale Bridge - C7A,9/1/1993,349,78.41118016,SJRcorridor,AN,0.12
Grant Ln Can @ Tracy Rd Bdg,9/1/1993,386,78.41118016,SouthDelta,AN,0.13
Old River nr Tracy,9/1/1993,530,78.41118016,SouthDelta,AN,0.21
Clifton Court Intake,9/21/1993,245,80.87356521,OMR,AN,0.08
Middle River at Bacon Island Bridge,9/21/1993,275,80.87356521,OMR,AN,0.08
Contra Costa PP Number 01,9/23/1993,285,83.44869348,OMR,AN,0.11
Contra Costa PP Number 01,10/5/1993,368,83.89162437,OMR,C,0.16
Clifton Court Intake,10/14/1993,287,84.61138109,OMR,C,0.1
Middle River at Bacon Island Bridge,10/14/1993,295,84.61138109,OMR,C,0.11
Little Connection Sl. @ Empire Tr.,10/20/1993,151,84.89979461,SJRcorridor,C,0.03
Grant Ln Can @ Tracy Rd Bdg,10/20/1993,244,84.89979461,SouthDelta,C,0.08
San Joaquin River @ Mossdale Bridge - C7A,10/20/1993,245,84.89979461,SJRcorridor,C,0.07
Old River nr Tracy,10/20/1993,249,84.89979461,SouthDelta,C,0.08
Middle River at Bacon Island Bridge,10/20/1993,287,84.89979461,OMR,C,0.1
Grant Line/Fabian/Bell Canals nr Old R.,10/20/1993,318,84.89979461,SouthDelta,C,0.14
Rock Slough @ Old River,10/20/1993,425,84.89979461,OMR,C,0.26
Old River North of Rock Slough (St 4b),10/20/1993,436,84.89979461,OMR,C,0.27
Contra Costa PP Number 01,10/20/1993,458,84.89979461,OMR,C,0.25
Middle River at Bacon Island Bridge,11/10/1993,293,87.72748074,OMR,C,0.14
Clifton Court Intake,11/10/1993,418,87.72748074,OMR,C,0.26
Contra Costa PP Number 01,11/17/1993,647,88.13138401,OMR,C,0.48
Middle River at Bacon Island Bridge,12/15/1993,305,84.34978841,OMR,C,0.13
Clifton Court Intake,12/15/1993,490,84.34978841,OMR,C,0.32
Contra Costa PP Number 01,12/16/1993,566,82.70555681,OMR,C,0.38
Contra Costa PP Number 01,1/5/1994,403,81.23635172,OMR,C,0.21
Little Connection Sl. @ Empire Tr.,1/12/1994,227,82.38546939,SJRcorridor,C,0.05
Middle River at Bacon Island Bridge,1/12/1994,311,82.38546939,OMR,C,0.11
Old River North of Rock Slough (St 4b),1/12/1994,337,82.38546939,OMR,C,0.16
Rock Slough @ Old River,1/12/1994,341,82.38546939,OMR,C,0.16
Contra Costa PP Number 01,1/12/1994,482,82.38546939,OMR,C,0.2
Grant Ln Can @ Tracy Rd Bdg,1/12/1994,726,82.38546939,SouthDelta,C,0.31
San Joaquin River @ Mossdale Bridge - C7A,1/12/1994,731,82.38546939,SJRcorridor,C,0.32
Old River nr Tracy,1/12/1994,771,82.38546939,SouthDelta,C,0.33
Middle River at Bacon Island Bridge,1/19/1994,356,80.49647088,OMR,C,0.14
Clifton Court Intake,1/19/1994,367,80.49647088,OMR,C,0.15
Contra Costa PP Number 01,2/9/1994,388,80.94524586,OMR,C,0.16
Rock Slough @ Old River,2/17/1994,370,75.37363149,OMR,C,0.15
Clifton Court Intake,2/17/1994,415,75.37363149,OMR,C,0.17
Middle River at Bacon Island Bridge,2/17/1994,482,75.37363149,OMR,C,0.18
Rock Slough @ Old River,3/24/1994,328,72.52425966,OMR,C,0.09
Clifton Court Intake,3/24/1994,437,72.52425966,OMR,C,0.14
Middle River at Bacon Island Bridge,3/24/1994,516,72.52425966,OMR,C,0.18
Little Connection Sl. @ Empire Tr.,4/20/1994,236,78.884997,SJRcorridor,C,0.06
Old River North of Rock Slough (St 4b),4/20/1994,348,78.884997,OMR,C,0.11
Rock Slough @ Old River,4/20/1994,357,78.884997,OMR,C,0.11
Contra Costa PP Number 01,4/20/1994,375,78.884997,OMR,C,0.12
Middle River at Bacon Island Bridge,4/20/1994,441,78.884997,OMR,C,0.17
Grant Ln Can @ Tracy Rd Bdg,4/20/1994,824,78.884997,SouthDelta,C,0.39
San Joaquin River @ Mossdale Bridge - C7A,4/20/1994,880,78.884997,SJRcorridor,C,0.41
Grant Line/Fabian/Bell Canals nr Old R.,4/20/1994,922,78.884997,SouthDelta,C,0.4
Old River nr Tracy,4/20/1994,942,78.884997,SouthDelta,C,0.44
Rock Slough @ Old River,5/19/1994,395,76.51544974,OMR,C,0.15
Middle River at Bacon Island Bridge,5/19/1994,499,76.51544974,OMR,C,0.2
Clifton Court Intake,5/19/1994,599,76.51544974,OMR,C,0.24
Contra Costa PP Number 01,5/26/1994,427,79.98947042,OMR,C,0.15
Contra Costa PP Number 01,6/16/1994,407,86.55672415,OMR,C,0.19
Middle River at Bacon Island Bridge,6/22/1994,389,89.49535368,OMR,C,0.18
Rock Slough @ Old River,6/22/1994,450,89.49535368,OMR,C,0.21
Clifton Court Intake,6/22/1994,450,89.49535368,OMR,C,0.2
Little Connection Sl. @ Empire Tr.,7/20/1994,248,90.6143213,SJRcorridor,C,0.1
Middle River at Bacon Island Bridge,7/20/1994,365,90.6143213,OMR,C,0.18
Contra Costa PP Number 01,7/20/1994,666,90.6143213,OMR,C,0.46
Old River North of Rock Slough (St 4b),7/20/1994,690,90.6143213,OMR,C,0.49
Rock Slough @ Old River,7/20/1994,692,90.6143213,OMR,C,0.51
Grant Line/Fabian/Bell Canals nr Old R.,7/20/1994,852,90.6143213,SouthDelta,C,0.41
San Joaquin River @ Mossdale Bridge - C7A,7/20/1994,942,90.6143213,SJRcorridor,C,0.46
Grant Ln Can @ Tracy Rd Bdg,7/20/1994,956,90.6143213,SouthDelta,C,0.41
Contra Costa PP Number 01,8/23/1994,703,91.93258472,OMR,C,0.51
Middle River at Bacon Island Bridge,8/25/1994,336,90.48799198,OMR,C,0.15
Clifton Court Intake,8/25/1994,597,90.48799198,OMR,C,0.39
Rock Slough @ Old River,8/25/1994,805,90.48799198,OMR,C,0.59
Contra Costa PP Number 01,9/20/1994,935,92.37559029,OMR,C,0.72
Middle River at Bacon Island Bridge,9/22/1994,407,90.04354307,OMR,C,0.18
Clifton Court Intake,9/22/1994,667,90.04354307,OMR,C,0.43
Rock Slough @ Old River,9/22/1994,988,90.04354307,OMR,C,0.74
Contra Costa PP Number 01,10/13/1994,569,90.78710967,OMR,W,0.35
Clifton Court Intake,10/20/1994,451,92.73586707,OMR,W,0.19
Middle River at Bacon Island Bridge,10/20/1994,464,92.73586707,OMR,W,0.2
Rock Slough @ Old River,10/20/1994,636,92.73586707,OMR,W,0.41
Contra Costa PP Number 01,11/9/1994,988,92.63852791,OMR,W,0.52
San Joaquin River @ Mossdale Bridge - C7A,11/17/1994,796,91.53716312,SJRcorridor,W,0.41
Contra Costa PP Number 01,12/13/1994,814,82.54298007,OMR,W,0.57
San Joaquin River @ Mossdale Bridge - C7A,12/20/1994,946,81.11970496,SJRcorridor,W,0.42
Contra Costa PP Number 01,1/17/1995,709,46.35508675,OMR,W,0.35
San Joaquin River @ Mossdale Bridge - C7A,1/26/1995,383,53.05662006,SJRcorridor,W,0.08
Contra Costa PP Number 01,2/6/1995,533,48.45038827,OMR,W,0.14
San Joaquin River @ Mossdale Bridge - C7A,2/16/1995,487,49.77058978,SJRcorridor,W,0.13
Contra Costa PP Number 01,3/13/1995,322,37.53111646,OMR,W,0.08
San Joaquin River @ Mossdale Bridge - C7A,3/20/1995,301,35.26878783,SJRcorridor,W,0.05
Contra Costa PP Number 01,4/10/1995,635,50.51772825,OMR,W,0.22
San Joaquin River @ Mossdale Bridge - C7A,4/24/1995,184,55.06228913,SJRcorridor,W,0.1
Contra Costa PP Number 01,5/10/1995,307,49.34111805,OMR,W,0.09
San Joaquin River @ Mossdale Bridge - C7A,5/18/1995,143,50.95156216,SJRcorridor,W,0.03
Contra Costa PP Number 01,6/14/1995,214,58.38588799,OMR,W,0.07
San Joaquin River @ Mossdale Bridge - C7A,6/22/1995,240,57.6171137,SJRcorridor,W,0.08
Contra Costa PP Number 01,7/12/1995,146,65.49822638,OMR,W,0.04
San Joaquin River @ Mossdale Bridge - C7A,7/20/1995,218,58.74876866,SJRcorridor,W,0.06
Contra Costa PP Number 01,8/9/1995,150,68.77947219,OMR,W,0.03
San Joaquin River @ Mossdale Bridge - C7A,8/17/1995,633,74.57233985,SJRcorridor,W,0.23
Contra Costa PP Number 01,9/6/1995,187,67.21706163,OMR,W,0.04
San Joaquin River @ Mossdale Bridge - C7A,9/14/1995,387,67.19233682,SJRcorridor,W,0.13
Contra Costa PP Number 01,10/11/1995,193,69.40952731,OMR,W,0.04
San Joaquin River @ Mossdale Bridge - C7A,10/19/1995,202,74.05131326,SJRcorridor,W,0.06
Contra Costa PP Number 01,11/8/1995,200,81.20170079,OMR,W,0.04
San Joaquin River @ Mossdale Bridge - C7A,11/16/1995,750,79.55759468,SJRcorridor,W,0.31
Contra Costa PP Number 01,12/6/1995,213,79.32528838,OMR,W,0.05
San Joaquin River @ Mossdale Bridge - C7A,12/7/1995,746,79.94458802,SJRcorridor,W,0.32
Contra Costa PP Number 01,1/10/1996,303,68.97868863,OMR,W,0.08
San Joaquin River @ Mossdale Bridge - C7A,1/18/1996,946,81.11891586,SJRcorridor,W,0.37
Contra Costa PP Number 01,2/8/1996,397,47.52751567,OMR,W,0.12
San Joaquin River @ Mossdale Bridge - C7A,2/15/1996,290,53.64428507,SJRcorridor,W,0.08
Contra Costa PP Number 01,3/7/1996,898,46.46251523,OMR,W,0.34
San Joaquin River @ Mossdale Bridge - C7A,3/14/1996,253,48.94207006,SJRcorridor,W,0.06
Contra Costa PP Number 01,4/4/1996,554,58.29157662,OMR,W,0.18
San Joaquin River @ Mossdale Bridge - C7A,4/11/1996,413,53.46132043,SJRcorridor,W,0.13
Contra Costa PP Number 01,5/2/1996,516,66.95278638,OMR,W,0.18
San Joaquin River @ Mossdale Bridge - C7A,5/9/1996,336,62.32099718,SJRcorridor,W,0.11
Contra Costa PP Number 01,6/6/1996,277,61.33562885,OMR,W,0.08
San Joaquin River @ Mossdale Bridge - C7A,6/13/1996,592,65.4871296,SJRcorridor,W,0.24
Contra Costa PP Number 01,7/11/1996,175,75.57077698,OMR,W,0.03
San Joaquin River @ Mossdale Bridge - C7A,7/18/1996,774,73.33974661,SJRcorridor,W,0.31
San Joaquin River @ Mossdale Bridge - C7A,8/15/1996,747,77.45680181,SJRcorridor,W,0.31
Contra Costa PP Number 01,9/5/1996,283,73.8076039,OMR,W,0.11
San Joaquin River @ Mossdale Bridge - C7A,9/12/1996,666,76.73553471,SJRcorridor,W,0.27
Contra Costa PP Number 01,10/3/1996,292,81.93439648,OMR,W,0.12
San Joaquin River @ Mossdale Bridge - C7A,10/10/1996,609,83.55493234,SJRcorridor,W,0.26
Contra Costa PP Number 01,11/7/1996,495,84.27562766,OMR,W,0.3
San Joaquin River @ Mossdale Bridge - C7A,11/14/1996,690,87.30019572,SJRcorridor,W,0.27
Contra Costa PP Number 01,12/5/1996,688,78.03491703,OMR,W,0.41
San Joaquin River @ Mossdale Bridge - C7A,12/12/1996,220,67.9766535,SJRcorridor,W,0.04
Contra Costa PP Number 01,1/9/1997,427,31.8495819,OMR,W,0.15
San Joaquin River @ Mossdale Bridge - C7A,2/13/1997,185,47.19212894,SJRcorridor,W,0.04
Contra Costa PP Number 01,3/12/1997,314,55.67296976,OMR,W,0.08
San Joaquin River @ Mossdale Bridge - C7A,3/13/1997,338,55.45327752,SJRcorridor,W,0.1
San Joaquin River @ Mossdale Bridge - C7A,4/9/1997,788,73.79612645,SJRcorridor,W,0.3
Contra Costa PP Number 01,4/10/1997,272,73.77999403,OMR,W,0.07
San Joaquin River @ Mossdale Bridge - C7A,5/13/1997,346,71.63203277,SJRcorridor,W,0.11
Contra Costa PP Number 01,5/13/1997,363,71.63203277,OMR,W,0.11
Contra Costa PP Number 01,6/4/1997,294,78.50514499,OMR,W,0.09
San Joaquin River @ Mossdale Bridge - C7A,6/4/1997,560,78.50514499,SJRcorridor,W,0.22
Contra Costa PP Number 01,7/1/1997,249,78.99333076,OMR,W,0.07
San Joaquin River @ Mossdale Bridge - C7A,7/2/1997,620,78.23532434,SJRcorridor,W,0.24
Contra Costa PP Number 01,8/6/1997,267,77.35304839,OMR,W,0.12
San Joaquin River @ Mossdale Bridge - C7A,8/7/1997,663,77.94958475,SJRcorridor,W,0.27
Contra Costa PP Number 01,9/2/1997,269,77.2650624,OMR,W,0.08
San Joaquin River @ Mossdale Bridge - C7A,9/2/1997,671,77.2650624,SJRcorridor,W,0.26
Contra Costa PP Number 01,11/5/1997,948,91.80829068,OMR,W,0.78
Contra Costa PP Number 01,12/10/1997,1080,71.95083355,OMR,W,0.67
Contra Costa PP Number 01,1/6/1998,920,80.42409534,OMR,W,0.52
Contra Costa PP Number 01,2/5/1998,879,41.15155574,OMR,W,0.38
Contra Costa PP Number 01,3/3/1998,1100,46.174655,OMR,W,0.39
Old River @ Middle River,6/9/1998,236,51.89782644,SouthDelta,W,0.07
Contra Costa PP Number 01,7/8/1998,233,56.61660003,OMR,W,0.06
Contra Costa PP Number 01,8/5/1998,190,70.95431958,OMR,W,0.05
Contra Costa PP Number 01,9/2/1998,161,67.79734317,OMR,W,0.03
Contra Costa PP Number 01,10/14/1998,208,70.16642583,OMR,W,0.04
Contra Costa PP Number 01,11/4/1998,190,78.12007996,OMR,W,0.04
Contra Costa PP Number 01,12/2/1998,289,64.89739823,OMR,W,0.09
Contra Costa PP Number 01,1/6/1999,459,64.63920091,OMR,W,0.15
Contra Costa PP Number 01,2/3/1999,352,51.6298188,OMR,W,0.11
Contra Costa PP Number 01,4/8/1999,324,57.34361395,OMR,W,0.1
Contra Costa PP Number 01,5/5/1999,451,57.23000982,OMR,W,0.15
Contra Costa PP Number 01,6/2/1999,288,67.44761682,OMR,W,0.08
Contra Costa PP Number 01,7/8/1999,211,73.33227294,OMR,W,0.05
Contra Costa PP Number 01,8/5/1999,218,71.77110367,OMR,W,0.06
Contra Costa PP Number 01,10/7/1999,892,85.55971154,OMR,AN,0.44
Contra Costa PP Number 01,12/7/1999,1390,84.3486242,OMR,AN,0.66
Contra Costa PP Number 01,1/4/2000,1186,80.55744457,OMR,AN,0.77
Contra Costa PP Number 01,2/8/2000,385,57.61717763,OMR,AN,0.12
Contra Costa PP Number 01,3/7/2000,1125,48.16682697,OMR,AN,0.35
Contra Costa PP Number 01,4/4/2000,391,70.46558651,OMR,AN,0.09
Contra Costa PP Number 01,5/2/2000,381,63.70366373,OMR,AN,0.1
Contra Costa PP Number 01,6/6/2000,254,72.94579268,OMR,AN,0.06
Contra Costa PP Number 01,7/3/2000,229,80.70368222,OMR,AN,0.05
Contra Costa PP Number 01,8/2/2000,244,77.4197889,OMR,AN,0.07
Contra Costa PP Number 01,10/3/2000,548,87.25802224,OMR,D,0.34
Contra Costa PP Number 01,11/7/2000,668,84.3926938,OMR,D,0.43
Contra Costa PP Number 01,1/8/2001,1030,94.68792213,OMR,D,0.6
Contra Costa PP Number 01,2/6/2001,943,82.30525912,OMR,D,0.5
Contra Costa PP Number 01,3/6/2001,753,70.05240742,OMR,D,0.3
Contra Costa PP Number 01,4/4/2001,341,72.87905364,OMR,D,0.08
Contra Costa PP Number 01,6/6/2001,335,80.28545946,OMR,D,0.11
Contra Costa PP Number 01,11/6/2001,898,92.77803114,OMR,D,0.58
Contra Costa PP Number 01,12/3/2001,750,82.50576236,OMR,D,0.45
Contra Costa PP Number 01,1/8/2002,616,54.28372948,OMR,D,0.25
Contra Costa PP Number 01,2/5/2002,385,70.70857903,OMR,D,0.09
Contra Costa PP Number 01,4/2/2002,295,71.94484474,OMR,D,0.08
Contra Costa PP Number 01,5/6/2002,350,71.01564345,OMR,D,0.1
Contra Costa PP Number 01,6/4/2002,330,69.35185908,OMR,D,0.11
Contra Costa PP Number 01,7/2/2002,262,80.39099747,OMR,D,0.08
Contra Costa PP Number 01,8/5/2002,665,83.27712196,OMR,D,0.44
Contra Costa PP Number 01,9/4/2002,854,88.12309273,OMR,D,0.6
Contra Costa PP Number 01,10/8/2002,1120,89.3846487,OMR,AN,0.73
Contra Costa PP Number 01,11/5/2002,874,91.73476989,OMR,AN,0.57
Contra Costa PP Number 01,12/3/2002,850,93.0185482,OMR,AN,0.46
Contra Costa PP Number 01,1/7/2003,1010,51.99960319,OMR,AN,0.57
Contra Costa PP Number 01,2/3/2003,1070,54.06515388,OMR,AN,0.46
Contra Costa PP Number 01,3/3/2003,591,60.574921,OMR,AN,0.17
Contra Costa PP Number 01,4/1/2003,663,69.81194277,OMR,AN,0.18
Contra Costa PP Number 01,5/6/2003,330,51.50084909,OMR,AN,0.08
Contra Costa PP Number 01,6/4/2003,293,66.71648137,OMR,AN,0.08
Contra Costa PP Number 01,8/5/2003,348,69.2729812,OMR,AN,0.15
Contra Costa PP Number 01,9/10/2003,388,81.97587927,OMR,AN,0.22
Contra Costa PP Number 01,10/7/2003,604,88.64679121,OMR,BN,0.38
Contra Costa PP Number 01,11/4/2003,673,88.40480968,OMR,BN,0.43
Contra Costa PP Number 01,12/3/2003,724,87.61870823,OMR,BN,0.48
Contra Costa PP Number 01,1/6/2004,784,55.58733795,OMR,BN,0.51
Contra Costa PP Number 01,2/3/2004,322,71.8099759,OMR,BN,0.08
Contra Costa PP Number 01,3/2/2004,500,49.65011755,OMR,BN,0.1
Contra Costa PP Number 01,4/6/2004,238,69.18983307,OMR,BN,0.03
Contra Costa PP Number 01,5/4/2004,233,76.25300399,OMR,BN,0.04
Contra Costa PP Number 01,6/8/2004,308,86.24729429,OMR,BN,0.09
Contra Costa PP Number 01,7/7/2004,430,83.05294294,OMR,BN,0.16
Contra Costa PP Number 01,8/3/2004,470,81.28623188,OMR,BN,0.29
Contra Costa PP Number 01,9/8/2004,540,83.45154489,OMR,BN,0.32
Contra Costa PP Number 01,10/6/2004,730,80.20091081,OMR,AN,0.38
Contra Costa PP Number 01,11/1/2004,765,83.50140273,OMR,AN,0.32
Contra Costa PP Number 01,12/6/2004,579,88.99645057,OMR,AN,0.36
Contra Costa PP Number 01,1/3/2005,640,63.06546569,OMR,AN,0.47
Contra Costa PP Number 01,2/7/2005,379,66.68285541,OMR,AN,0.11
Contra Costa PP Number 01,3/7/2005,654,57.47547175,OMR,AN,0.2
Contra Costa PP Number 01,4/4/2005,499,55.79737907,OMR,AN,0.15
Contra Costa PP Number 01,5/3/2005,346,60.83995013,OMR,AN,0.1
Contra Costa PP Number 01,6/7/2005,256,54.24209382,OMR,AN,0.07
Contra Costa PP Number 01,7/6/2005,151,69.97360216,OMR,AN,0.03
Contra Costa PP Number 01,8/2/2005,196,80.7913406,OMR,AN,0.04
Contra Costa PP Number 01,9/6/2005,418,83.07162013,OMR,AN,0.27
Contra Costa PP Number 01,10/3/2005,504,81.90521431,OMR,W,0.35
Contra Costa PP Number 01,11/7/2005,468,89.68142253,OMR,W,0.27
Contra Costa PP Number 01,12/5/2005,660,82.80590189,OMR,W,0.43
Contra Costa PP Number 01,1/3/2006,703,0,OMR,W,0.55
Contra Costa PP Number 01,2/6/2006,491,52.81827396,OMR,W,0.18
Contra Costa PP Number 01,3/6/2006,232,50.66954548,OMR,W,0.05
Contra Costa PP Number 01,4/3/2006,428,47.97842568,OMR,W,0.1
Middle River @ Union Point - P10A,7/5/2006,154,67.43685291,OMR,W,0.05
Middle River @ Union Point - P10A,7/5/2006,154,67.43685291,SouthDelta,W,0.05
Contra Costa PP Number 01,7/5/2006,162,67.43685291,OMR,W,0.04
Middle River @ Union Point - P10A,8/2/2006,261,78.28975195,OMR,W,0.08
Middle River @ Union Point - P10A,8/2/2006,261,78.28975195,SouthDelta,W,0.08
Middle River @ Union Point - P10A,9/6/2006,240,78.70958184,OMR,W,0.08
Middle River @ Union Point - P10A,9/6/2006,240,78.70958184,SouthDelta,W,0.08
Middle River @ Union Point - P10A,10/3/2006,253,79.15994988,OMR,D,0.08
Middle River @ Union Point - P10A,10/3/2006,253,79.15994988,SouthDelta,D,0.08
Contra Costa PP Number 01,10/3/2006,272,79.15994988,OMR,D,0.11
Middle River @ Union Point - P10A,11/7/2006,274,88.98570418,OMR,D,0.1
Middle River @ Union Point - P10A,11/7/2006,274,88.98570418,SouthDelta,D,0.1
Contra Costa PP Number 01,11/7/2006,302,88.98570418,OMR,D,0.14
Middle River @ Union Point - P10A,12/5/2006,341,88.65054031,OMR,D,0.13
Middle River @ Union Point - P10A,12/5/2006,341,88.65054031,SouthDelta,D,0.13
Contra Costa PP Number 01,12/5/2006,461,88.65054031,OMR,D,0.25
Middle River @ Union Point - P10A,1/2/2007,490,80.23657174,OMR,D,0.23
Middle River @ Union Point - P10A,1/2/2007,490,80.23657174,SouthDelta,D,0.23
Contra Costa PP Number 01,1/2/2007,704,80.23657174,OMR,D,0.44
Contra Costa PP Number 01,2/6/2007,456,79.89948567,OMR,D,0.21
Middle River @ Union Point - P10A,2/6/2007,460,79.89948567,OMR,D,0.19
Middle River @ Union Point - P10A,2/6/2007,460,79.89948567,SouthDelta,D,0.19
Contra Costa PP Number 01,3/5/2007,315,58.91442023,OMR,D,0.11
Middle River @ Union Point - P10A,3/5/2007,485,58.91442023,OMR,D,0.18
Middle River @ Union Point - P10A,3/5/2007,485,58.91442023,SouthDelta,D,0.18
Contra Costa PP Number 01,4/2/2007,255,72.02877378,OMR,D,0.04
Middle River @ Union Point - P10A,4/2/2007,318,72.02877378,OMR,D,0.08
Middle River @ Union Point - P10A,4/2/2007,318,72.02877378,SouthDelta,D,0.08
Contra Costa PP Number 01,5/2/2007,268,74.44600721,OMR,D,0.06
Middle River @ Union Point - P10A,5/2/2007,346,74.44600721,OMR,D,0.1
Middle River @ Union Point - P10A,5/2/2007,346,74.44600721,SouthDelta,D,0.1
Contra Costa PP Number 01,6/4/2007,324,80.25338455,OMR,D,0.1
Middle River @ Union Point - P10A,6/4/2007,399,80.25338455,OMR,D,0.13
Middle River @ Union Point - P10A,6/4/2007,399,80.25338455,SouthDelta,D,0.13
Contra Costa PP Number 01,7/2/2007,264,80.94470218,OMR,D,0.06
Middle River @ Union Point - P10A,7/2/2007,303,80.94470218,OMR,D,0.08
Middle River @ Union Point - P10A,7/2/2007,303,80.94470218,SouthDelta,D,0.08
Middle River @ Union Point - P10A,8/6/2007,277,84.7182393,OMR,D,0.11
Middle River @ Union Point - P10A,8/6/2007,277,84.7182393,SouthDelta,D,0.11
Contra Costa PP Number 01,8/6/2007,492,84.7182393,OMR,D,0.32
Middle River @ Union Point - P10A,9/5/2007,364,85.25541551,OMR,D,0.16
Middle River @ Union Point - P10A,9/5/2007,364,85.25541551,SouthDelta,D,0.16
Contra Costa PP Number 01,9/5/2007,812,85.25541551,OMR,D,0.63
Middle River @ Union Point - P10A,10/2/2007,335,87.02852586,OMR,C,0.15
Middle River @ Union Point - P10A,10/2/2007,335,87.02852586,SouthDelta,C,0.15
Contra Costa PP Number 01,10/2/2007,928,87.02852586,OMR,C,0.7
Middle River @ Union Point - P10A,11/6/2007,427,89.58054651,OMR,C,0.16
Middle River @ Union Point - P10A,11/6/2007,427,89.58054651,SouthDelta,C,0.16
Contra Costa PP Number 01,11/6/2007,1048,89.58054651,OMR,C,0.69
Middle River @ Union Point - P10A,12/4/2007,348,87.28423839,OMR,C,0.15
Middle River @ Union Point - P10A,12/4/2007,348,87.28423839,SouthDelta,C,0.15
Contra Costa PP Number 01,12/4/2007,1212,87.28423839,OMR,C,0.79
Middle River @ Union Point - P10A,1/3/2008,544,83.34570353,OMR,C,0.32
Middle River @ Union Point - P10A,1/3/2008,544,83.34570353,SouthDelta,C,0.32
Middle River @ Union Point - P10A,2/5/2008,456,54.87619201,OMR,C,0.17
Middle River @ Union Point - P10A,2/5/2008,456,54.87619201,SouthDelta,C,0.17
Contra Costa PP Number 01,2/5/2008,462,54.87619201,OMR,C,0.19
Contra Costa PP Number 01,3/4/2008,361,66.16351777,OMR,C,0.1
Middle River @ Union Point - P10A,3/4/2008,374,66.16351777,OMR,C,0.11
Middle River @ Union Point - P10A,3/4/2008,374,66.16351777,SouthDelta,C,0.11
Contra Costa PP Number 01,4/8/2008,465,78.37516679,OMR,C,0.14
Middle River @ Union Point - P10A,4/8/2008,492,78.37516679,OMR,C,0.16
Middle River @ Union Point - P10A,4/8/2008,492,78.37516679,SouthDelta,C,0.16
San Joaquin River at Prisoner's Point,4/10/2008,313.3,78.60601526,SJRcorridor,C,0.08
Contra Costa PP Number 01,5/6/2008,415,81.24308533,OMR,C,0.13
Middle River @ Union Point - P10A,5/6/2008,503,81.24308533,OMR,C,0.17
Middle River @ Union Point - P10A,5/6/2008,503,81.24308533,SouthDelta,C,0.17
San Joaquin River at Prisoner's Point,5/20/2008,305.7,83.51606562,SJRcorridor,C,0.09
Contra Costa PP Number 01,6/2/2008,366,81.73068377,OMR,C,0.11
Middle River @ Union Point - P10A,6/2/2008,435,81.73068377,OMR,C,0.15
Middle River @ Union Point - P10A,6/2/2008,435,81.73068377,SouthDelta,C,0.15
San Joaquin River at Prisoner's Point,6/12/2008,272,81.05885354,SJRcorridor,C,0.07
Contra Costa PP Number 01,7/1/2008,287,84.87243383,OMR,C,0.09
Middle River @ Union Point - P10A,7/1/2008,318,84.87243383,OMR,C,0.1
Middle River @ Union Point - P10A,7/1/2008,318,84.87243383,SouthDelta,C,0.1
San Joaquin River at Prisoner's Point,8/5/2008,280.8,88.35573476,SJRcorridor,C,0.12
Middle River @ Union Point - P10A,8/5/2008,304,88.35573476,OMR,C,0.12
Middle River @ Union Point - P10A,8/5/2008,304,88.35573476,SouthDelta,C,0.12
Contra Costa PP Number 01,8/5/2008,492,88.35573476,OMR,C,0.29
Middle River @ Union Point - P10A,9/2/2008,387,88.7732302,OMR,C,0.19
Middle River @ Union Point - P10A,9/2/2008,387,88.7732302,SouthDelta,C,0.19
Contra Costa PP Number 01,9/2/2008,744,88.7732302,OMR,C,0.52
San Joaquin River at Prisoner's Point,9/16/2008,439,88.07483179,SJRcorridor,C,0.23
Middle River @ Union Point - P10A,10/1/2008,461,88.30977329,OMR,D,0.24
Middle River @ Union Point - P10A,10/1/2008,461,88.30977329,SouthDelta,D,0.24
Contra Costa PP Number 01,10/1/2008,870,88.30977329,OMR,D,0.65
San Joaquin River at Prisoner's Point,10/15/2008,288.7,90.3992398,SJRcorridor,D,0.12
Middle River @ Union Point - P10A,11/3/2008,443,93.02142734,OMR,D,0.22
Middle River @ Union Point - P10A,11/3/2008,443,93.02142734,SouthDelta,D,0.22
Contra Costa PP Number 01,11/3/2008,642,93.02142734,OMR,D,0.39
Middle River @ Union Point - P10A,12/2/2008,511,92.75840841,OMR,D,0.36
Middle River @ Union Point - P10A,12/2/2008,511,92.75840841,SouthDelta,D,0.36
Contra Costa PP Number 01,12/2/2008,574,92.75840841,OMR,D,0.36
Grant Line Canal @ Tracy Blvd,12/11/2008,898,93.85276614,SouthDelta,D,0.46
Old River @ Tracy Road Bridge - P12,12/11/2008,1047,93.85276614,SouthDelta,D,0.56
Old River @ Middle River,12/22/2008,900,92.48009562,SouthDelta,D,0.53
San Joaquin River at Prisoner's Point,12/23/2008,482,91.80575032,SJRcorridor,D,0.3
Grant Line Canal @ Tracy Blvd,12/23/2008,928,91.80575032,SouthDelta,D,0.41
Old River @ Tracy Road Bridge - P12,12/23/2008,1257,91.80575032,SouthDelta,D,0.66
Middle River @ Union Point - P10A,1/6/2009,589,86.18470086,OMR,D,0.39
Middle River @ Union Point - P10A,1/6/2009,589,86.18470086,SouthDelta,D,0.39
Old River @ Middle River,1/7/2009,962,86.91076865,SouthDelta,D,0.52
Grant Line Canal @ Tracy Blvd,1/12/2009,1009,89.32251087,SouthDelta,D,0.46
Old River @ Tracy Road Bridge - P12,1/12/2009,1092,89.32251087,SouthDelta,D,0.46
San Joaquin River at Prisoner's Point,1/23/2009,516,92.25514125,SJRcorridor,D,0.27
Grant Line Canal @ Tracy Blvd,1/26/2009,952,88.07443799,SouthDelta,D,0.39
Old River @ Tracy Road Bridge - P12,1/26/2009,995,88.07443799,SouthDelta,D,0.4
Old River @ Middle River,1/29/2009,862,83.77227583,SouthDelta,D,0.33
Middle River @ Union Point - P10A,2/3/2009,633,84.30493265,OMR,D,0.34
Middle River @ Union Point - P10A,2/3/2009,633,84.30493265,SouthDelta,D,0.34
Contra Costa PP Number 01,2/3/2009,794,84.30493265,OMR,D,0.52
Old River @ Middle River,2/10/2009,1079,84.02790463,SouthDelta,D,0.54
Grant Line Canal @ Tracy Blvd,2/11/2009,1068,83.0036227,SouthDelta,D,0.41
Old River @ Tracy Road Bridge - P12,2/11/2009,1093,83.0036227,SouthDelta,D,0.41
San Joaquin River at Prisoner's Point,2/23/2009,348.2,69.09157517,SJRcorridor,D,0.15
Old River @ Middle River,2/25/2009,844,63.13375011,SouthDelta,D,0.34
Grant Line Canal @ Tracy Blvd,2/26/2009,840,60.14582078,SouthDelta,D,0.32
Old River @ Tracy Road Bridge - P12,2/26/2009,911,60.14582078,SouthDelta,D,0.4
Middle River @ Union Point - P10A,3/2/2009,583,65.57301543,OMR,D,0.32
Middle River @ Union Point - P10A,3/2/2009,583,65.57301543,SouthDelta,D,0.32
Grant Line Canal @ Tracy Blvd,3/9/2009,728,54.40866096,SouthDelta,D,0.25
Old River @ Tracy Road Bridge - P12,3/9/2009,868,54.40866096,SouthDelta,D,0.36
Old River @ Middle River,3/16/2009,1043,64.397985,SouthDelta,D,0.46
Grant Line Canal @ Tracy Blvd,3/23/2009,1156,67.34893515,SouthDelta,D,0.5
Old River @ Tracy Road Bridge - P12,3/23/2009,1179,67.34893515,SouthDelta,D,0.5
San Joaquin River at Prisoner's Point,3/24/2009,219.7,67.79671251,SJRcorridor,D,0.05
Old River @ Middle River,4/1/2009,1008,73.95020527,SouthDelta,D,0.48
Middle River @ Union Point - P10A,4/7/2009,314,75.36176628,OMR,D,0.1
Middle River @ Union Point - P10A,4/7/2009,314,75.36176628,SouthDelta,D,0.1
Grant Line Canal @ Tracy Blvd,4/9/2009,844,75.01511525,SouthDelta,D,0.43
Old River @ Tracy Road Bridge - P12,4/9/2009,1013,75.01511525,SouthDelta,D,0.5
Old River @ Middle River,4/16/2009,694,67.73613947,SouthDelta,D,0.32
Grant Line Canal @ Tracy Blvd,4/23/2009,463,79.53429049,SouthDelta,D,0.2
Old River @ Tracy Road Bridge - P12,4/23/2009,814,79.53429049,SouthDelta,D,0.39
San Joaquin River at Prisoner's Point,4/29/2009,191.7,77.28892347,SJRcorridor,D,0.04
Middle River @ Union Point - P10A,5/5/2009,358,73.26168644,OMR,D,0.12
Middle River @ Union Point - P10A,5/5/2009,358,73.26168644,SouthDelta,D,0.12
Grant Line Canal @ Tracy Blvd,5/7/2009,425,68.40551796,SouthDelta,D,0.15
Old River @ Tracy Road Bridge - P12,5/7/2009,554,68.40551796,SouthDelta,D,0.21
Grant Line Canal @ Tracy Blvd,5/21/2009,353,75.54540529,SouthDelta,D,0.14
Old River @ Tracy Road Bridge - P12,5/21/2009,488,75.54540529,SouthDelta,D,0.17
San Joaquin River at Prisoner's Point,5/27/2009,176.6,78.39738548,SJRcorridor,D,0.05
Middle River @ Union Point - P10A,6/2/2009,336,74.90839371,OMR,D,0.1
Middle River @ Union Point - P10A,6/2/2009,336,74.90839371,SouthDelta,D,0.1
Grant Line Canal @ Tracy Blvd,6/8/2009,550,77.24823856,SouthDelta,D,0.27
Old River @ Tracy Road Bridge - P12,6/8/2009,739,77.24823856,SouthDelta,D,0.35
San Joaquin River at Prisoner's Point,6/16/2009,192.4,75.74081285,SJRcorridor,D,0.06
San Joaquin River at Prisoner's Point,7/7/2009,157.5,82.06398554,SJRcorridor,D,0.04
Middle River @ Union Point - P10A,7/7/2009,228,82.06398554,OMR,D,0.1
Middle River @ Union Point - P10A,7/7/2009,228,82.06398554,SouthDelta,D,0.1
San Joaquin River at Prisoner's Point,7/30/2009,247.3,85.45859171,SJRcorridor,D,0.12
Middle River @ Union Point - P10A,8/4/2009,265,84.14076361,OMR,D,0.13
Middle River @ Union Point - P10A,8/4/2009,265,84.14076361,SouthDelta,D,0.13
San Joaquin River at Prisoner's Point,8/17/2009,315,86.7435617,SJRcorridor,D,0.18
San Joaquin River at Prisoner's Point,9/8/2009,336.2,83.47406172,SJRcorridor,D,0.16
Middle River @ Union Point - P10A,9/9/2009,345,84.37552482,OMR,D,0.16
Middle River @ Union Point - P10A,9/9/2009,345,84.37552482,SouthDelta,D,0.16
Middle River @ Union Point - P10A,10/6/2009,411,87.99178837,OMR,BN,0.21
Middle River @ Union Point - P10A,10/6/2009,411,87.99178837,SouthDelta,BN,0.21
San Joaquin River at Prisoner's Point,10/8/2009,311.4,90.73343555,SJRcorridor,BN,0.13
San Joaquin River at Prisoner's Point,10/30/2009,262.1,84.65210123,SJRcorridor,BN,0.1
Middle River @ Union Point - P10A,11/3/2009,352,88.3635176,OMR,BN,0.16
Middle River @ Union Point - P10A,11/3/2009,352,88.3635176,SouthDelta,BN,0.16
San Joaquin River at Prisoner's Point,11/18/2009,258.8,88.28529367,SJRcorridor,BN,0.1
Middle River @ Union Point - P10A,12/1/2009,320,92.29828513,OMR,BN,0.13
Middle River @ Union Point - P10A,12/1/2009,320,92.29828513,SouthDelta,BN,0.13
San Joaquin River at Prisoner's Point,12/9/2009,340,88.75050471,SJRcorridor,BN,0.16
San Joaquin River at Prisoner's Point,12/30/2009,503,92.01120098,SJRcorridor,BN,0.29
Middle River @ Union Point - P10A,1/5/2010,466,86.26711441,OMR,BN,0.26
Middle River @ Union Point - P10A,1/5/2010,466,86.26711441,SouthDelta,BN,0.26
San Joaquin River at Prisoner's Point,1/25/2010,290.7,63.07199036,SJRcorridor,BN,0.11
Middle River @ Union Point - P10A,2/2/2010,536,54.29400396,OMR,BN,0.24
Middle River @ Union Point - P10A,2/2/2010,536,54.29400396,SouthDelta,BN,0.24
San Joaquin River at Prisoner's Point,2/16/2010,261.4,56.73294725,SJRcorridor,BN,0.08
Middle River @ Union Point - P10A,3/2/2010,483,63.81753273,OMR,BN,0.18
Middle River @ Union Point - P10A,3/2/2010,483,63.81753273,SouthDelta,BN,0.18
Middle River @ Union Point - P10A,4/6/2010,441,68.63765096,OMR,BN,0.14
Middle River @ Union Point - P10A,4/6/2010,441,68.63765096,SouthDelta,BN,0.14
Middle River @ Union Point - P10A,5/4/2010,400,57.05251942,OMR,BN,0.13
Middle River @ Union Point - P10A,5/4/2010,400,57.05251942,SouthDelta,BN,0.13
Middle River @ Union Point - P10A,6/8/2010,288,67.97063022,OMR,BN,0.09
Middle River @ Union Point - P10A,6/8/2010,288,67.97063022,SouthDelta,BN,0.09
Middle River @ Union Point - P10A,7/6/2010,241,80.72423904,OMR,BN,0.07
Middle River @ Union Point - P10A,7/6/2010,241,80.72423904,SouthDelta,BN,0.07
Middle River @ Union Point - P10A,8/2/2010,189,79.32890201,OMR,BN,0.06
Middle River @ Union Point - P10A,8/2/2010,189,79.32890201,SouthDelta,BN,0.06
Middle River @ Union Point - P10A,9/7/2010,294,86.84207092,OMR,BN,0.13
Middle River @ Union Point - P10A,9/7/2010,294,86.84207092,SouthDelta,BN,0.13
Middle River @ Union Point - P10A,10/5/2010,340,83.98583932,OMR,W,0.14
Middle River @ Union Point - P10A,10/5/2010,340,83.98583932,SouthDelta,W,0.14
Middle River @ Union Point - P10A,11/3/2010,334,84.63274041,OMR,W,0.16
Middle River @ Union Point - P10A,11/3/2010,334,84.63274041,SouthDelta,W,0.16
Middle River @ Union Point - P10A,12/6/2010,321,84.27592276,OMR,W,0.15
Middle River @ Union Point - P10A,12/6/2010,321,84.27592276,SouthDelta,W,0.15
Middle River @ Union Point - P10A,1/3/2011,274,53.33698971,OMR,W,0.08
Middle River @ Union Point - P10A,1/3/2011,274,53.33698971,SouthDelta,W,0.08
Middle River @ Union Point - P10A,2/7/2011,334,64.18410148,OMR,W,0.11
Middle River @ Union Point - P10A,2/7/2011,334,64.18410148,SouthDelta,W,0.11
Middle River @ Union Point - P10A,3/7/2011,372,56.35666923,OMR,W,0.13
Middle River @ Union Point - P10A,3/7/2011,372,56.35666923,SouthDelta,W,0.13
Middle River @ Union Point - P10A,4/4/2011,247,0,OMR,W,0.06
Middle River @ Union Point - P10A,4/4/2011,247,0,SouthDelta,W,0.06
Middle River @ Union Point - P10A,5/2/2011,199,57.60965856,OMR,W,0.05
Middle River @ Union Point - P10A,5/2/2011,199,57.60965856,SouthDelta,W,0.05
Middle River @ Union Point - P10A,6/6/2011,257,57.57300551,OMR,W,0.08
Middle River @ Union Point - P10A,6/6/2011,257,57.57300551,SouthDelta,W,0.08
Rock Slough at Delta Road Bridge,6/6/2011,259,57.57300551,OMR,W,0.06
Rock Slough at Delta Road Bridge,7/5/2011,169,56.36389323,OMR,W,0.03
Middle River @ Union Point - P10A,7/5/2011,184,56.36389323,OMR,W,0.06
Middle River @ Union Point - P10A,7/5/2011,184,56.36389323,SouthDelta,W,0.06
Middle River @ Union Point - P10A,10/7/2013,430,87.90258861,OMR,C,0.22
Middle River @ Union Point - P10A,10/7/2013,430,87.90258861,SouthDelta,C,0.22
Middle River @ Union Point - P10A,11/4/2013,463,90.34617646,OMR,C,0.3
Middle River @ Union Point - P10A,11/4/2013,463,90.34617646,SouthDelta,C,0.3
Middle River @ Union Point - P10A,12/2/2013,507,93.39492499,OMR,C,0.3
Middle River @ Union Point - P10A,12/2/2013,507,93.39492499,SouthDelta,C,0.3
Middle River @ Union Point - P10A,1/6/2014,601,92.33233742,OMR,C,0.38
Middle River @ Union Point - P10A,1/6/2014,601,92.33233742,SouthDelta,C,0.38
Middle River @ Union Point - P10A,2/3/2014,774,93.92384943,OMR,C,0.5
Middle River @ Union Point - P10A,2/3/2014,774,93.92384943,SouthDelta,C,0.5
Middle River @ Union Point - P10A,4/7/2014,459,75.44547873,OMR,C,0.2
Middle River @ Union Point - P10A,4/7/2014,459,75.44547873,SouthDelta,C,0.2
Middle River @ Union Point - P10A,5/5/2014,483,87.63000727,OMR,C,0.21
Middle River @ Union Point - P10A,5/5/2014,483,87.63000727,SouthDelta,C,0.21
Middle River @ Union Point - P10A,6/2/2014,436,93.56618111,OMR,C,0.18
Middle River @ Union Point - P10A,6/2/2014,436,93.56618111,SouthDelta,C,0.18
Middle River @ Union Point - P10A,7/7/2014,541,90.2187572,OMR,C,0.31
Middle River @ Union Point - P10A,7/7/2014,541,90.2187572,SouthDelta,C,0.31
Middle River @ Union Point - P10A,8/4/2014,490,88.73599436,OMR,C,0.29
Middle River @ Union Point - P10A,8/4/2014,490,88.73599436,SouthDelta,C,0.29
Middle River @ Union Point - P10A,9/2/2014,452,90.3346038,OMR,C,0.27
Middle River @ Union Point - P10A,9/2/2014,452,90.3346038,SouthDelta,C,0.27
Middle River @ Union Point - P10A,10/6/2014,503,94.77701545,OMR,C,0.28
Middle River @ Union Point - P10A,10/6/2014,503,94.77701545,SouthDelta,C,0.28
Middle River @ Union Point - P10A,11/3/2014,613,92.39401068,OMR,C,0.37
Middle River @ Union Point - P10A,11/3/2014,613,92.39401068,SouthDelta,C,0.37
Middle River @ Union Point - P10A,12/1/2014,542,93.6049299,OMR,C,0.34
Middle River @ Union Point - P10A,12/1/2014,542,93.6049299,SouthDelta,C,0.34
Middle River @ Union Point - P10A,1/5/2015,470,71.50190239,OMR,C,0.22
Middle River @ Union Point - P10A,1/5/2015,470,71.50190239,SouthDelta,C,0.22
Middle River @ Union Point - P10A,2/3/2015,415,87.92593622,OMR,C,0.16
Middle River @ Union Point - P10A,2/3/2015,415,87.92593622,SouthDelta,C,0.16
Middle River @ Union Point - P10A,3/2/2015,406,78.10690622,OMR,C,0.16
Middle River @ Union Point - P10A,3/2/2015,406,78.10690622,SouthDelta,C,0.16
Middle River @ Union Point - P10A,4/6/2015,419,88.0123047,OMR,C,0.16
Middle River @ Union Point - P10A,4/6/2015,419,88.0123047,SouthDelta,C,0.16
Middle River @ Union Point - P10A,5/4/2015,568,94.17154572,OMR,C,0.29
Middle River @ Union Point - P10A,5/4/2015,568,94.17154572,SouthDelta,C,0.29
Middle River @ Union Point - P10A,6/1/2015,697,93.2549537,OMR,C,0.41
Middle River @ Union Point - P10A,6/1/2015,697,93.2549537,SouthDelta,C,0.41
Middle River @ Union Point - P10A,7/6/2015,667,95.81957478,OMR,C,0.39
Middle River @ Union Point - P10A,7/6/2015,667,95.81957478,SouthDelta,C,0.39
Middle River @ Union Point - P10A,8/3/2015,648,95.38511805,OMR,C,0.4
Middle River @ Union Point - P10A,8/3/2015,648,95.38511805,SouthDelta,C,0.4
Middle River @ Union Point - P10A,9/9/2015,581,94.75346141,OMR,C,0.37
Middle River @ Union Point - P10A,9/9/2015,581,94.75346141,SouthDelta,C,0.37
Middle River @ Union Point - P10A,10/5/2015,616,94.93479848,OMR,BN,0.33
Middle River @ Union Point - P10A,10/5/2015,616,94.93479848,SouthDelta,BN,0.33
Middle River @ Union Point - P10A,11/2/2015,675,93.88533024,OMR,BN,0.37
Middle River @ Union Point - P10A,11/2/2015,675,93.88533024,SouthDelta,BN,0.37
Middle River @ Union Point - P10A,12/7/2015,710,94.9140377,OMR,BN,0.49
Middle River @ Union Point - P10A,12/7/2015,710,94.9140377,SouthDelta,BN,0.49
Middle River @ Union Point - P10A,1/4/2016,601,89.47617765,OMR,BN,0.37
Middle River @ Union Point - P10A,1/4/2016,601,89.47617765,SouthDelta,BN,0.37
Middle River @ Union Point - P10A,2/3/2016,488,59.65346245,OMR,BN,0.22
Middle River @ Union Point - P10A,2/3/2016,488,59.65346245,SouthDelta,BN,0.22
Middle River @ Union Point - P10A,3/10/2016,321,62.66343249,OMR,BN,0.1
Middle River @ Union Point - P10A,3/10/2016,321,62.66343249,SouthDelta,BN,0.1
Middle River @ Union Point - P10A,4/7/2016,328,66.37589317,OMR,BN,0.1
Middle River @ Union Point - P10A,4/7/2016,328,66.37589317,SouthDelta,BN,0.1
Middle River @ Union Point - P10A,5/3/2016,461,75.47029728,OMR,BN,0.17
Middle River @ Union Point - P10A,5/3/2016,461,75.47029728,SouthDelta,BN,0.17
Middle River @ Union Point - P10A,6/7/2016,319,82.94141541,OMR,BN,0.12
Middle River @ Union Point - P10A,6/7/2016,319,82.94141541,SouthDelta,BN,0.12
Middle River @ Union Point - P10A,7/6/2016,222,84.55059684,OMR,BN,0.07
Middle River @ Union Point - P10A,7/6/2016,222,84.55059684,SouthDelta,BN,0.07
Middle River @ Union Point - P10A,8/1/2016,207,83.57049111,OMR,BN,0.08
Middle River @ Union Point - P10A,8/1/2016,207,83.57049111,SouthDelta,BN,0.08
Middle River @ Union Point - P10A,9/7/2016,288,84.03725468,OMR,BN,0.14
Middle River @ Union Point - P10A,9/7/2016,288,84.03725468,SouthDelta,BN,0.14
Middle River @ Union Point - P10A,10/4/2016,387,86.5637221,OMR,W,0.21
Middle River @ Union Point - P10A,10/4/2016,387,86.5637221,SouthDelta,W,0.21
Middle River @ Union Point - P10A,11/7/2016,353,87.41045331,OMR,W,0.19
Middle River @ Union Point - P10A,11/7/2016,353,87.41045331,SouthDelta,W,0.19
Middle River @ Union Point - P10A,12/7/2016,398,83.68530205,OMR,W,0.21
Middle River @ Union Point - P10A,12/7/2016,398,83.68530205,SouthDelta,W,0.21
Middle River @ Union Point - P10A,1/9/2017,338,56.18463132,OMR,W,0.14
Middle River @ Union Point - P10A,1/9/2017,338,56.18463132,SouthDelta,W,0.14
Middle River @ Union Point - P10A,2/6/2017,258,50.46962633,OMR,W,0.07
Middle River @ Union Point - P10A,2/6/2017,258,50.46962633,SouthDelta,W,0.07
Middle River @ Union Point - P10A,3/8/2017,187,46.65054443,OMR,W,0.05
Middle River @ Union Point - P10A,3/8/2017,187,46.65054443,SouthDelta,W,0.05
Middle River @ Union Point - P10A,4/3/2017,201,49.18404199,OMR,W,0.06
Middle River @ Union Point - P10A,4/3/2017,201,49.18404199,SouthDelta,W,0.06
Middle River @ Union Point - P10A,5/3/2017,120,50.00669585,OMR,W,0.03
Middle River @ Union Point - P10A,5/3/2017,120,50.00669585,SouthDelta,W,0.03
Middle River @ Union Point - P10A,6/5/2017,177,57.96351261,OMR,W,0.06
Middle River @ Union Point - P10A,6/5/2017,177,57.96351261,SouthDelta,W,0.06
Middle River @ Union Point - P10A,7/10/2017,177,70.04911852,OMR,W,0.06
Middle River @ Union Point - P10A,7/10/2017,177,70.04911852,SouthDelta,W,0.06
Middle River @ Union Point - P10A,8/7/2017,217,80.74384873,OMR,W,0.07
Middle River @ Union Point - P10A,8/7/2017,217,80.74384873,SouthDelta,W,0.07
Middle River @ Union Point - P10A,9/7/2017,193,77.48586469,OMR,W,0.07
Middle River @ Union Point - P10A,9/7/2017,193,77.48586469,SouthDelta,W,0.07
Middle River @ Union Point - P10A,10/2/2017,186,77.2692402,OMR,BN,0.06
Middle River @ Union Point - P10A,10/2/2017,186,77.2692402,SouthDelta,BN,0.06
Middle River @ Union Point - P10A,12/4/2017,246,83.87250454,OMR,BN,0.08
Middle River @ Union Point - P10A,12/4/2017,246,83.87250454,SouthDelta,BN,0.08
Middle River @ Union Point - P10A,1/8/2018,456,84.74492337,OMR,BN,0.25
Middle River @ Union Point - P10A,1/8/2018,456,84.74492337,SouthDelta,BN,0.25
C10A - San Joaquin River near Vernalis @ SJR Club,1/16/2018,718,76,SJRcorridor,BN,0.25
Eastside Delta Mendota Canal intake at Jones PP,1/17/2018,546.1,76,OMR,BN,0.3
Middle River near Holt,1/18/2018,363.6,77,OMR,BN,0.17
C10A - San Joaquin River near Vernalis @ SJR Club,1/22/2018,640,73,SJRcorridor,BN,0.26
Old River at Quimby Island,1/23/2018,401.3,72,OMR,BN,0.21
Holland Cut near Bethel Island,1/23/2018,487,72,OMR,BN,0.3
Middle River @ Union Point - P10A,2/5/2018,402,74.06112596,OMR,BN,0.16
Middle River @ Union Point - P10A,2/5/2018,402,74.06112596,SouthDelta,BN,0.16
Middle River @ Union Point - P10A,2/5/2018,395,73,OMR,BN,0.16
C10A - San Joaquin River near Vernalis @ SJR Club,2/7/2018,670,72,SJRcorridor,BN,0.26
C10A - San Joaquin River near Vernalis @ SJR Club,2/12/2018,515,78,SJRcorridor,BN,0.19
Eastside Delta Mendota Canal intake at Jones PP,2/14/2018,546,77,OMR,BN,0.21
C10A - San Joaquin River near Vernalis @ SJR Club,2/20/2018,494,73,SJRcorridor,BN,0.19
Holland Cut near Bethel Island,3/5/2018,338.9,72,OMR,BN,0.11
Old River at Quimby Island,3/5/2018,363.1,72,OMR,BN,0.13
Middle River near Holt,3/5/2018,407.7,72,OMR,BN,0.16
C10A - San Joaquin River near Vernalis @ SJR Club,3/20/2018,454,69,SJRcorridor,BN,0.15
Eastside Delta Mendota Canal intake at Jones PP,3/21/2018,474,71,OMR,BN,0.16
Holland Cut near Bethel Island,4/3/2018,253.7,60,OMR,BN,0.07
Old River at Quimby Island,4/3/2018,277.2,60,OMR,BN,0.08
Middle River near Holt,4/3/2018,308,60,OMR,BN,0.1
Middle River @ Union Point - P10A,4/9/2018,358,54.04390508,OMR,BN,0.13
Middle River @ Union Point - P10A,4/9/2018,358,54.04390508,SouthDelta,BN,0.13
Middle River @ Union Point - P10A,4/9/2018,365.4,56,OMR,BN,0.13
C10A - San Joaquin River near Vernalis @ SJR Club,4/11/2018,178,58,SJRcorridor,BN,0.05
Eastside Delta Mendota Canal intake at Jones PP,4/18/2018,251.4,58,OMR,BN,0.08
C10A - San Joaquin River near Vernalis @ SJR Club,4/19/2018,245,60,SJRcorridor,BN,0.08
C10A - San Joaquin River near Vernalis @ SJR Club,4/23/2018,284.2,62,SJRcorridor,BN,0.08
Holland Cut near Bethel Island,5/3/2018,259.3,67,OMR,BN,0.08
Old River at Quimby Island,5/3/2018,255.6,67,OMR,BN,0.08
Middle River near Holt,5/3/2018,269.8,67,OMR,BN,0.09
Middle River @ Union Point - P10A,5/7/2018,352,64.92049336,OMR,BN,0.11
Middle River @ Union Point - P10A,5/7/2018,352,64.92049336,SouthDelta,BN,0.11
C10A - San Joaquin River near Vernalis @ SJR Club,5/7/2018,132,66,SJRcorridor,BN,0.04
Middle River @ Union Point - P10A,5/7/2018,354,66,OMR,BN,0.11
C10A - San Joaquin River near Vernalis @ SJR Club,5/16/2018,185,74,SJRcorridor,BN,0.06
Eastside Delta Mendota Canal intake at Jones PP,5/17/2018,230,74,OMR,BN,0.07
C10A - San Joaquin River near Vernalis @ SJR Club,5/21/2018,192,73,SJRcorridor,BN,0.06
Holland Cut near Bethel Island,5/23/2018,246,74,OMR,BN,0.07
Old River at Quimby Island,5/23/2018,257,74,OMR,BN,0.09
Middle River near Holt,5/23/2018,272.4,74,OMR,BN,0.1
C10A - San Joaquin River near Vernalis @ SJR Club,6/4/2018,441,73,SJRcorridor,BN,0.16
Middle River @ Union Point - P10A,6/5/2018,284,74.73149108,OMR,BN,0.11
Middle River @ Union Point - P10A,6/5/2018,284,74.73149108,SouthDelta,BN,0.11
Middle River @ Union Point - P10A,6/5/2018,286.4,73,OMR,BN,0.11
C10A - San Joaquin River near Vernalis @ SJR Club,6/12/2018,299,80,SJRcorridor,BN,0.11
SGA,6/20/2018,664,81,SouthDelta,BN,0.24
PDC,6/20/2018,855,81,SouthDelta,BN,0.4
Middle River @ Union Point - P10A,7/9/2018,246,82.60710477,OMR,BN,0.08
Middle River @ Union Point - P10A,7/9/2018,246,82.60710477,SouthDelta,BN,0.08
Middle River @ Union Point - P10A,8/6/2018,197,82.35063213,OMR,BN,0.06
Middle River @ Union Point - P10A,8/6/2018,197,82.35063213,SouthDelta,BN,0.06
Middle River @ Union Point - P10A,9/10/2018,346,84.8982076,OMR,BN,0.16
Middle River @ Union Point - P10A,9/10/2018,346,84.8982076,SouthDelta,BN,0.16
OH1,1/8/2019,940,79,SouthDelta,W,0.4
ORX,1/8/2019,944,79,SouthDelta,W,0.4
GLE,1/8/2019,977,79,SouthDelta,W,0.405
C10A - San Joaquin River near Vernalis @ SJR Club,1/15/2019,812,77,SJRcorridor,W,0.3
Paradise Cut,1/15/2019,811,77,SouthDelta,W,0.32
Eastside Delta Mendota Canal intake at Jones PP,1/15/2019,671,77,OMR,W,0.33
Old River at Tracy Wildlife Association,1/15/2019,972,77,SouthDelta,W,0.4
Sugar Cut downstream of Tom Paine Slough,1/15/2019,1150,77,SouthDelta,W,0.5
Paradise Cut Upstream,1/15/2019,2111,77,SouthDelta,W,1.32
PDUP,1/15/2019,2110,77,SouthDelta,W,1.32
SGA,1/15/2019,1170,77,SouthDelta,W,0.5
PDC,1/15/2019,822,77,SouthDelta,W,0.32
TWA,1/15/2019,977,77,SouthDelta,W,0.4
Grant Line Canal East,1/30/2019,879,63,SouthDelta,W,0.35
Old River below Headwaters,1/30/2019,932,63,SJRcorridor,W,0.36
Old River near Doughty Cut - ORX,1/30/2019,916,63,SouthDelta,W,0.36
OH1,1/30/2019,944,63,SouthDelta,W,0.36
ORX,1/30/2019,928,63,SouthDelta,W,0.36
GLE,1/30/2019,891,63,SouthDelta,W,0.35
Middle River @ Union Point - P10A,2/4/2019,395.8,68,OMR,W,0.18
Eastside Delta Mendota Canal intake at Jones PP,2/12/2019,444.4,60,OMR,W,0.17
C10A - San Joaquin River near Vernalis @ SJR Club,2/14/2019,321,68,SJRcorridor,W,0.1
Old River below Headwaters,5/1/2019,185.9,57,SJRcorridor,W,0.05
Old River near Doughty Cut - ORX,5/1/2019,184.9,57,SouthDelta,W,0.05
Grant Line Canal East,5/1/2019,190.3,57,SouthDelta,W,0.06
OH1,5/1/2019,188,57,SouthDelta,W,0.05
ORX,5/1/2019,187,57,SouthDelta,W,0.05
GLE,5/1/2019,192,57,SouthDelta,W,0.06
C10A - San Joaquin River near Vernalis @ SJR Club,5/8/2019,115.7,58,SJRcorridor,W,0.02
Middle River @ Union Point - P10A,5/8/2019,265.1,58,OMR,W,0.08
C10A - San Joaquin River near Vernalis @ SJR Club,5/14/2019,118,60,SJRcorridor,W,0.03
Middle River near Holt,5/15/2019,225.6,61,OMR,W,0.07
Old River at Quimby Island,5/15/2019,222.9,61,OMR,W,0.07
Holland Cut near Bethel Island,5/15/2019,223.7,61,OMR,W,0.08
Eastside Delta Mendota Canal intake at Jones PP,5/16/2019,132,63,OMR,W,0.03
Old River below Headwaters,5/29/2019,78.3,61,SJRcorridor,W,0.01
Old River near Doughty Cut - ORX,5/29/2019,82.3,61,SouthDelta,W,0.01
Grant Line Canal East,5/29/2019,88.8,61,SouthDelta,W,0.02
OH1,5/29/2019,79,61,SouthDelta,W,0.01
ORX,5/29/2019,83,61,SouthDelta,W,0.01
GLE,5/29/2019,90,61,SouthDelta,W,0.02
Middle River near Holt,6/5/2019,141,58,OMR,W,0.04
Holland Cut near Bethel Island,6/5/2019,160.3,58,OMR,W,0.05
Old River at Quimby Island,6/5/2019,154.1,58,OMR,W,0.05
C10A - San Joaquin River near Vernalis @ SJR Club,6/6/2019,77.8,57,SJRcorridor,W,0.01
Middle River @ Union Point - P10A,6/6/2019,173,57,OMR,W,0.06
C10A - San Joaquin River near Vernalis @ SJR Club,6/11/2019,83,61,SJRcorridor,W,0.01
Old River at Tracy Wildlife Association,6/12/2019,105.4,62,SouthDelta,W,0.02
Paradise Cut Upstream,6/12/2019,233.8,62,SouthDelta,W,0.09
PDUP,6/12/2019,233,62,SouthDelta,W,0.09
TWA,6/12/2019,107,62,SouthDelta,W,0.02
Eastside Delta Mendota Canal intake at Jones PP,6/13/2019,122.2,63,OMR,W,0.02
Old River below Headwaters,6/25/2019,107.6,67,SJRcorridor,W,0.03
Grant Line Canal East,6/25/2019,106,67,SouthDelta,W,0.03
Old River near Doughty Cut - ORX,6/25/2019,105.1,67,SouthDelta,W,0.03
Paradise Cut,6/25/2019,110.3,67,SouthDelta,W,0.03
Sugar Cut downstream of Tom Paine Slough,6/25/2019,125.7,67,SouthDelta,W,0.03
OH1,6/25/2019,107,67,SouthDelta,W,0.03
ORX,6/25/2019,105,67,SouthDelta,W,0.03
GLE,6/25/2019,104.5,67,SouthDelta,W,0.03
PDC,6/25/2019,109,67,SouthDelta,W,0.03
SGA,6/25/2019,128,67,SouthDelta,W,0.03
Old River at Tracy Wildlife Association,7/1/2019,303.9,72,SouthDelta,W,0.11
TWA,7/1/2019,304.5,72,SouthDelta,W,0.11
C10A - San Joaquin River near Vernalis @ SJR Club,7/8/2019,427,73,SJRcorridor,W,0.17
Old River near Doughty Cut - ORX,7/9/2019,421.3,72,SouthDelta,W,0.17
Old River below Headwaters,7/9/2019,444.2,72,SJRcorridor,W,0.18
Grant Line Canal East,7/9/2019,452.8,72,SouthDelta,W,0.18
Sugar Cut downstream of Tom Paine Slough,7/9/2019,620,72,SouthDelta,W,0.27
Paradise Cut,7/9/2019,870,72,SouthDelta,W,0.42
OH1,7/9/2019,443,72,SouthDelta,W,0.18
ORX,7/9/2019,422,72,SouthDelta,W,0.17
GLE,7/9/2019,454,72,SouthDelta,W,0.18
PDC,7/9/2019,814,72,SouthDelta,W,0.42
SGA,7/9/2019,606,72,SouthDelta,W,0.27
Holland Cut near Bethel Island,7/11/2019,119.8,73,OMR,W,0.02
Old River at Quimby Island,7/11/2019,120.1,73,OMR,W,0.02
Middle River near Holt,7/11/2019,122.4,73,OMR,W,0.03
Eastside Delta Mendota Canal intake at Jones PP,7/16/2019,180,77,OMR,W,0.03
C10A - San Joaquin River near Vernalis @ SJR Club,7/17/2019,245,77,SJRcorridor,W,0.09
Old River at Tracy Wildlife Association,7/24/2019,383.4,74,SouthDelta,W,0.14
Paradise Cut Upstream,7/24/2019,1880,74,SouthDelta,W,1.19
PDUP,7/24/2019,1860,74,SouthDelta,W,1.19
TWA,7/24/2019,383,74,SouthDelta,W,0.14
OH1,8/6/2019,415,81,SouthDelta,W,0.18
ORX,8/6/2019,343,81,SouthDelta,W,0.14
GLE,8/6/2019,398,81,SouthDelta,W,0.17
PDC,8/6/2019,412,81,SouthDelta,W,0.17
SGA,8/6/2019,430,81,SouthDelta,W,0.18
Middle River near Holt,8/7/2019,153.3,81,OMR,W,0.04
Old River at Quimby Island,8/7/2019,209.8,81,OMR,W,0.09
Holland Cut near Bethel Island,8/7/2019,260,81,OMR,W,0.13
C10A - San Joaquin River near Vernalis @ SJR Club,8/15/2019,188,75,SJRcorridor,W,0.06
Old River at Tracy Wildlife Association,8/21/2019,232.7,73,SouthDelta,W,0.08
Paradise Cut Upstream,8/21/2019,1501,73,SouthDelta,W,0.87
PDUP,8/21/2019,1470,73,SouthDelta,W,0.87
TWA,8/21/2019,231,73,SouthDelta,W,0.08
C10A - San Joaquin River near Vernalis @ SJR Club,9/3/2019,212.1,73,SJRcorridor,W,0.07
Old River below Headwaters,9/4/2019,237.6,73,SJRcorridor,W,0.08
Grant Line Canal East,9/4/2019,235.8,73,SouthDelta,W,0.08
Old River near Doughty Cut - ORX,9/4/2019,236.2,73,SouthDelta,W,0.09
Sugar Cut downstream of Tom Paine Slough,9/4/2019,271.5,73,SouthDelta,W,0.09
Paradise Cut,9/4/2019,615,73,SouthDelta,W,0.22
OH1,9/4/2019,237,73,SouthDelta,W,0.08
ORX,9/4/2019,238,73,SouthDelta,W,0.09
GLE,9/4/2019,237,73,SouthDelta,W,0.08
PDC,9/4/2019,533,73,SouthDelta,W,0.22
SGA,9/4/2019,252,73,SouthDelta,W,0.09
Middle River near Holt,9/11/2019,154.4,72,OMR,W,0.03
Old River at Quimby Island,9/11/2019,158.8,72,OMR,W,0.03
Holland Cut near Bethel Island,9/11/2019,171.6,72,OMR,W,0.04
Old River at Tracy Wildlife Association,9/11/2019,337.6,72,SouthDelta,W,0.12
Paradise Cut Upstream,9/11/2019,1204,72,SouthDelta,W,0.335
PDUP,9/11/2019,1190,72,SouthDelta,W,0.3475
TWA,9/11/2019,336,72,SouthDelta,W,0.12
C10A - San Joaquin River near Vernalis @ SJR Club,9/17/2019,162,73,SJRcorridor,W,0.05
Eastside Delta Mendota Canal intake at Jones PP,9/18/2019,280,73,OMR,W,0.09
Grant Line Canal East,9/25/2019,182.8,76,SouthDelta,W,0.05
Old River near Doughty Cut - ORX,9/25/2019,180.2,76,SouthDelta,W,0.05
Old River below Headwaters,9/25/2019,186.1,76,SJRcorridor,W,0.06
Sugar Cut downstream of Tom Paine Slough,9/25/2019,255.7,76,SouthDelta,W,0.07
Paradise Cut,9/25/2019,966,76,SouthDelta,W,0.33
OH1,9/25/2019,184,76,SouthDelta,W,0.06
ORX,9/25/2019,180,76,SouthDelta,W,0.05
GLE,9/25/2019,183,76,SouthDelta,W,0.05
PDC,9/25/2019,752,76,SouthDelta,W,0.33
SGA,9/25/2019,215,76,SouthDelta,W,0.07
Old River at Tracy Wildlife Association,10/2/2019,215.7,74,SouthDelta,D,0.07
Paradise Cut Upstream,10/2/2019,1439,74,SouthDelta,D,0.85
PDUP,10/2/2019,1430,74,SouthDelta,D,0.85
TWA,10/2/2019,220,74,SouthDelta,D,0.07
Middle River @ Union Point - P10A,10/7/2019,214.9,73,OMR,D,0.08
C10A - San Joaquin River near Vernalis @ SJR Club,10/7/2019,336,73,SJRcorridor,D,0.13
Holland Cut near Bethel Island,10/15/2019,155.5,74,OMR,D,0.03
Old River at Quimby Island,10/15/2019,153.4,74,OMR,D,0.04
Middle River near Holt,10/15/2019,159.9,74,OMR,D,0.05
C10A - San Joaquin River near Vernalis @ SJR Club,10/15/2019,347,74,SJRcorridor,D,0.13
Eastside Delta Mendota Canal intake at Jones PP,10/17/2019,300,76,OMR,D,0.12
Old River at Tracy Wildlife Association,10/29/2019,277.2,75,SouthDelta,D,0.08
Paradise Cut Upstream,10/29/2019,1587,75,SouthDelta,D,0.79
PDUP,10/29/2019,1580,75,SouthDelta,D,0.79
TWA,10/29/2019,281,75,SouthDelta,D,0.08
Middle River @ Union Point - P10A,11/6/2019,238.1,81,OMR,D,0.09
Grant Line Canal East,11/6/2019,415.3,81,SouthDelta,D,0.16
Old River near Doughty Cut - ORX,11/6/2019,432.2,81,SouthDelta,D,0.18
Old River below Headwaters,11/6/2019,465.9,81,SJRcorridor,D,0.19
C10A - San Joaquin River near Vernalis @ SJR Club,11/6/2019,484.7,81,SJRcorridor,D,0.2
Sugar Cut downstream of Tom Paine Slough,11/6/2019,564,81,SouthDelta,D,0.21
Paradise Cut,11/6/2019,747,81,SouthDelta,D,0.3
OH1,11/6/2019,470,81,SouthDelta,D,0.19
ORX,11/6/2019,438,81,SouthDelta,D,0.18
GLE,11/6/2019,418,81,SouthDelta,D,0.16
PDC,11/6/2019,671,81,SouthDelta,D,0.3
SGA,11/6/2019,549,81,SouthDelta,D,0.21
C10A - San Joaquin River near Vernalis @ SJR Club,12/18/2019,611,76,SJRcorridor,D,0.22
Eastside Delta Mendota Canal intake at Jones PP,12/19/2019,562,76,OMR,D,0.2
Paradise Cut,1/2/2020,673,76,SouthDelta,D,0.25
Old River below Headwaters,1/2/2020,676,76,SJRcorridor,D,0.26
Old River near Doughty Cut - ORX,1/2/2020,674,76,SouthDelta,D,0.26
Grant Line Canal East,1/2/2020,696,76,SouthDelta,D,0.27
Sugar Cut downstream of Tom Paine Slough,1/2/2020,750,76,SouthDelta,D,0.3
OH1,1/2/2020,682,76,SouthDelta,D,0.26
ORX,1/2/2020,681,76,SouthDelta,D,0.26
GLE,1/2/2020,699,76,SouthDelta,D,0.27
PDC,1/2/2020,679,76,SouthDelta,D,0.25
SGA,1/2/2020,749,76,SouthDelta,D,0.3
C10A - San Joaquin River near Vernalis @ SJR Club,1/14/2020,652,81,SJRcorridor,D,0.25
Eastside Delta Mendota Canal intake at Jones PP,1/16/2020,423,81,OMR,D,0.19
Old River at Tracy Wildlife Association,2/4/2020,752,73,SouthDelta,D,0.3
Paradise Cut Upstream,2/4/2020,1921,73,SouthDelta,D,1.18
PDUP,2/4/2020,1920,73,SouthDelta,D,1.18
TWA,2/4/2020,760,73,SouthDelta,D,0.3
Middle River near Holt,2/5/2020,289.3,76,OMR,D,0.1
Old River at Quimby Island,2/5/2020,315.8,76,OMR,D,0.127
Holland Cut near Bethel Island,2/5/2020,355.9,76,OMR,D,0.153
Middle River @ Union Point - P10A,2/6/2020,374.9,77,OMR,D,0.14
C10A - San Joaquin River near Vernalis @ SJR Club,2/6/2020,393.4,77,SJRcorridor,D,0.14
C10A - San Joaquin River near Vernalis @ SJR Club,2/11/2020,571,79,SJRcorridor,D,0.222
Eastside Delta Mendota Canal intake at Jones PP,2/13/2020,411.6,79,OMR,D,0.16
Paradise Cut,2/19/2020,816,77,SouthDelta,D,0.34
Sugar Cut downstream of Tom Paine Slough,2/19/2020,898,77,SouthDelta,D,0.4
PDC,2/19/2020,821,77,SouthDelta,D,0.34
SGA,2/19/2020,902.5,77,SouthDelta,D,0.4
Holland Cut near Bethel Island,3/4/2020,308.2,79,OMR,D,0.09
Old River at Quimby Island,3/4/2020,321.5,79,OMR,D,0.1
Middle River near Holt,3/4/2020,364.7,79,OMR,D,0.13
Old River at Tracy Wildlife Association,3/4/2020,492.1,79,SouthDelta,D,0.19
Paradise Cut Upstream,3/4/2020,1832,79,SouthDelta,D,1.06
PDUP,3/4/2020,1820,79,SouthDelta,D,1.06
TWA,3/4/2020,494,79,SouthDelta,D,0.19
Old River at Tracy Wildlife Association,4/7/2020,999,77,SouthDelta,D,0.43
Paradise Cut Upstream,4/7/2020,1982,77,SouthDelta,D,1.2
PDUP,4/7/2020,1972,77,SouthDelta,D,1.2
TWA,4/7/2020,996,77,SouthDelta,D,0.43
Middle River near Holt,4/8/2020,290.7,76,OMR,D,0.08
Holland Cut near Bethel Island,4/8/2020,298.6,76,OMR,D,0.09
Old River at Quimby Island,4/8/2020,282,76,OMR,D,0.1
Old River below Headwaters,4/21/2020,343.5,73,SJRcorridor,D,0.12
Old River near Doughty Cut - ORX,4/21/2020,347.2,73,SouthDelta,D,0.122
Grant Line Canal East,4/21/2020,370.7,73,SouthDelta,D,0.13
Sugar Cut downstream of Tom Paine Slough,4/21/2020,1001,73,SouthDelta,D,0.41
Paradise Cut,4/21/2020,888,73,SouthDelta,D,0.45
GLE,4/21/2020,372,73,SouthDelta,D,0.13
ORX,4/21/2020,349,73,SouthDelta,D,0.122
OH1,4/21/2020,345,73,SouthDelta,D,0.12
PDC,4/21/2020,916.5,73,SouthDelta,D,0.45
SGA,4/21/2020,976,73,SouthDelta,D,0.41
Old River at Tracy Wildlife Association,4/29/2020,674,75,SouthDelta,D,0.28
Paradise Cut Upstream,4/29/2020,931,75,SouthDelta,D,0.46
PDUP,4/29/2020,908,75,SouthDelta,D,0.46
TWA,4/29/2020,676,75,SouthDelta,D,0.28
Holland Cut near Bethel Island,5/7/2020,273.9,77,OMR,D,0.078
Middle River near Holt,5/7/2020,331.4,77,OMR,D,0.111
Eastside Delta Mendota Canal intake at Jones PP,5/14/2020,403,80,OMR,D,0.151
PDUP,5/18/2020,1540,81,SouthDelta,D,0.89
Holland Cut near Bethel Island,6/4/2020,257,81,OMR,D,0.07
Old River at Quimby Island,6/4/2020,260.2,81,OMR,D,0.08
Middle River near Holt,6/4/2020,298.8,81,OMR,D,0.1
Old River near Doughty Cut - ORX,6/16/2020,253.9,80,SouthDelta,D,0.1
ORX,6/16/2020,254,80,SouthDelta,D,0.1
Paradise Cut Upstream,6/17/2020,1393,80,SouthDelta,D,0.79
PDUP,6/17/2020,1410,80,SouthDelta,D,0.79
Holland Cut near Bethel Island,3/24/2021,408.6,78,OMR,C,0.1481
Old River at Quimby Island,3/24/2021,423.6,78,OMR,C,0.1563
Middle River near Holt,3/24/2021,455.4,78,OMR,C,0.1708
Old River at Tracy Wildlife Association,1/4/2022,616,65,SouthDelta,C,0.186
Old River below Headwaters,1/12/2022,660,70,SJRcorridor,C,0.249
Old River near Doughty Cut - ORX,1/12/2022,663,70,SouthDelta,C,0.249
Grant Line Canal East,1/12/2022,678,70,SouthDelta,C,0.254
Paradise Cut,1/12/2022,821,70,SouthDelta,C,0.333
Sugar Cut downstream of Tom Paine Slough,1/12/2022,1667,70,SouthDelta,C,0.77
Middle River near Holt,1/19/2022,311.8,74,OMR,C,0.11
Old River at Quimby Island,1/19/2022,312.5,74,OMR,C,0.112
Holland Cut near Bethel Island,1/19/2022,361,74,OMR,C,0.148
Paradise Cut Upstream,1/19/2022,2987,74,SouthDelta,C,2
Paradise Cut,1/25/2022,778,76,SouthDelta,C,0.327
Sugar Cut downstream of Tom Paine Slough,1/25/2022,1500,76,SouthDelta,C,0.718
Eastside Delta Mendota Canal intake at Jones PP,1/26/2022,356.6,77,OMR,C,0.137
C10A - San Joaquin River near Vernalis @ SJR Club,1/27/2022,656,79,SJRcorridor,C,0.266
Old River at Tracy Wildlife Association,2/8/2022,824,76,SouthDelta,C,0.36
C10A - San Joaquin River near Vernalis @ SJR Club,2/9/2022,307.6,77,SJRcorridor,C,0.108
Middle River @ Union Point - P10A,2/9/2022,354.6,77,OMR,C,0.126
Paradise Cut Upstream,2/9/2022,1694,77,SouthDelta,C,0.979
Eastside Delta Mendota Canal intake at Jones PP,2/24/2022,391,77,OMR,C,0.143
C10A - San Joaquin River near Vernalis @ SJR Club,2/24/2022,399,77,SJRcorridor,C,0.156
Old River near Doughty Cut - ORX,3/1/2022,480.8,78,SouthDelta,C,0.189
Old River below Headwaters,3/1/2022,508,78,SJRcorridor,C,0.199
Grant Line Canal East,3/1/2022,559,78,SouthDelta,C,0.22
Old River at Quimby Island,3/9/2022,306.7,76,OMR,C,0.101
Holland Cut near Bethel Island,3/9/2022,320.4,76,OMR,C,0.105
Middle River near Holt,3/9/2022,325.3,76,OMR,C,0.116
C10A - San Joaquin River near Vernalis @ SJR Club,3/10/2022,415.8,74,SJRcorridor,C,0.157
Middle River @ Union Point - P10A,3/10/2022,417,74,OMR,C,0.1595
Paradise Cut Upstream,3/14/2022,3443,78,SouthDelta,C,2.3
Old River at Tracy Wildlife Association,3/15/2022,935,79,SouthDelta,C,0.391
Paradise Cut,3/16/2022,993,79,SouthDelta,C,0.387
Sugar Cut downstream of Tom Paine Slough,3/16/2022,978,79,SouthDelta,C,0.466
Eastside Delta Mendota Canal intake at Jones PP,3/22/2022,448,80,OMR,C,0.16
Middle River @ Union Point - P10A,4/5/2022,400.6,81,OMR,C,0.154
C10A - San Joaquin River near Vernalis @ SJR Club,4/5/2022,622,81,SJRcorridor,C,0.244
Old River near Doughty Cut - ORX,4/7/2022,679,80,SouthDelta,C,0.271
Old River below Headwaters,4/7/2022,679,80,SJRcorridor,C,0.278
Grant Line Canal East,4/7/2022,766,80,SouthDelta,C,0.306
