Long Station Name,Collection Date,EC,Sacramento X2,Location,WYT,Alkalinity
Contra Costa PP Number 01,1/9/1997,427,31.8495819,OMR,W,59
San Joaquin River @ Mossdale Bridge - C7A,3/20/1995,301,35.26878783,SJRcorridor,W,49
Contra Costa PP Number 01,3/13/1995,322,37.53111646,OMR,W,66
Contra Costa PP Number 01,2/5/1998,879,41.15155574,OMR,W,110
Contra Costa PP Number 01,3/3/1998,1100,46.174655,OMR,W,141
Contra Costa PP Number 01,1/17/1995,709,46.35508675,OMR,W,87
Contra Costa PP Number 01,3/7/1996,898,46.46251523,OMR,W,119
Middle River @ Union Point - P10A,3/8/2017,187,46.65054443,OMR,W,38
Middle River @ Union Point - P10A,3/8/2017,187,46.65054443,SouthDelta,W,38
San Joaquin River @ Mossdale Bridge - C7A,2/13/1997,185,47.19212894,SJRcorridor,W,42
Contra Costa PP Number 01,2/8/1996,397,47.52751567,OMR,W,75
Contra Costa PP Number 01,4/3/2006,428,47.97842568,OMR,W,72
P8 - San Joaquin River @ Buckley Cove,1/23/1969,180,48.06579729,SJRcorridor,W,51
Contra Costa PP Number 01,3/7/2000,1125,48.16682697,OMR,AN,129
Contra Costa PP Number 01,2/6/1995,533,48.45038827,OMR,W,75
San Joaquin River @ Mossdale Bridge - C7A,3/14/1996,253,48.94207006,SJRcorridor,W,52
Middle River @ Union Point - P10A,4/3/2017,201,49.18404199,OMR,W,35
Middle River @ Union Point - P10A,4/3/2017,201,49.18404199,SouthDelta,W,35
Contra Costa PP Number 01,5/10/1995,307,49.34111805,OMR,W,54
P8 - San Joaquin River @ Buckley Cove,3/11/1980,210,49.39264929,SJRcorridor,AN,32
Contra Costa PP Number 01,3/2/2004,500,49.65011755,OMR,BN,94
San Joaquin River @ Mossdale Bridge - C7A,2/16/1995,487,49.77058978,SJRcorridor,W,60
P8 - San Joaquin River @ Buckley Cove,3/16/1978,349,49.81651337,SJRcorridor,AN,55
Middle River @ Union Point - P10A,5/3/2017,120,50.00669585,OMR,W,27
Middle River @ Union Point - P10A,5/3/2017,120,50.00669585,SouthDelta,W,27
P8 - San Joaquin River @ Buckley Cove,4/16/1969,200,50.10640361,SJRcorridor,W,46
Middle River @ Union Point - P10A,2/6/2017,258,50.46962633,OMR,W,46
Middle River @ Union Point - P10A,2/6/2017,258,50.46962633,SouthDelta,W,46
Contra Costa PP Number 01,4/10/1995,635,50.51772825,OMR,W,85
P8 - San Joaquin River @ Buckley Cove,4/1/1975,315,50.66749811,SJRcorridor,W,62
Contra Costa PP Number 01,3/6/2006,232,50.66954548,OMR,W,57
P8 - San Joaquin River @ Buckley Cove,2/15/1978,369,50.92561655,SJRcorridor,AN,60
P8 - San Joaquin River @ Buckley Cove,5/2/1978,204,50.92561655,SJRcorridor,AN,43
San Joaquin River @ Mossdale Bridge - C7A,5/18/1995,143,50.95156216,SJRcorridor,W,31
P8 - San Joaquin River @ Buckley Cove,2/6/1974,403,51.00464256,SJRcorridor,W,57
Contra Costa PP Number 01,5/6/2003,330,51.50084909,OMR,AN,84
Contra Costa PP Number 01,2/3/1999,352,51.6298188,OMR,W,74
Old River @ Middle River,6/9/1998,236,51.89782644,SouthDelta,W,42
Contra Costa PP Number 01,1/7/2003,1010,51.99960319,OMR,AN,113
P8 - San Joaquin River @ Buckley Cove,1/9/1974,249,52.3990248,SJRcorridor,W,62
Contra Costa PP Number 01,2/6/2006,491,52.81827396,OMR,W,68
Clifton Court Intake,4/9/1986,197,52.99907803,OMR,W,39
San Joaquin River @ Mossdale Bridge - C7A,1/26/1995,383,53.05662006,SJRcorridor,W,78
Middle River @ Union Point - P10A,1/3/2011,274,53.33698971,OMR,W,47
Middle River @ Union Point - P10A,1/3/2011,274,53.33698971,SouthDelta,W,47
San Joaquin River @ Mossdale Bridge - C7A,4/11/1996,413,53.46132043,SJRcorridor,W,62
San Joaquin River @ Mossdale Bridge - C7A,2/15/1996,290,53.64428507,SJRcorridor,W,42
P8 - San Joaquin River @ Buckley Cove,3/18/1975,335,53.72341881,SJRcorridor,W,66
Middle River @ Union Point - P10A,4/9/2018,358,54.04390508,OMR,BN,55
Middle River @ Union Point - P10A,4/9/2018,358,54.04390508,SouthDelta,BN,55
Contra Costa PP Number 01,2/3/2003,1070,54.06515388,OMR,AN,138
Contra Costa PP Number 01,6/7/2005,256,54.24209382,OMR,AN,51
Contra Costa PP Number 01,1/8/2002,616,54.28372948,OMR,D,90
Middle River @ Union Point - P10A,2/2/2010,536,54.29400396,OMR,BN,78
Middle River @ Union Point - P10A,2/2/2010,536,54.29400396,SouthDelta,BN,78
Middle River at Bacon Island Bridge,4/8/1993,465,54.30864006,OMR,AN,74
Clifton Court Intake,4/8/1993,400,54.30864006,OMR,AN,69
Old River @ Tracy Road Bridge - P12,3/9/2009,868,54.40866096,SouthDelta,D,117
Grant Line Canal @ Tracy Blvd,3/9/2009,728,54.40866096,SouthDelta,D,99
Contra Costa PP Number 01,2/5/2008,462,54.87619201,OMR,C,74
Middle River @ Union Point - P10A,2/5/2008,456,54.87619201,OMR,C,72
Middle River @ Union Point - P10A,2/5/2008,456,54.87619201,SouthDelta,C,72
P8 - San Joaquin River @ Buckley Cove,12/11/1973,600,54.96370577,SJRcorridor,W,82
P8 - San Joaquin River @ Buckley Cove,3/25/1980,239,55.01367247,SJRcorridor,AN,33
San Joaquin River @ Mossdale Bridge - C7A,4/24/1995,184,55.06228913,SJRcorridor,W,36
San Joaquin River @ Mossdale Bridge - C7A,3/13/1997,338,55.45327752,SJRcorridor,W,61
Contra Costa PP Number 01,1/6/2004,784,55.58733795,OMR,BN,77
Contra Costa PP Number 01,3/12/1997,314,55.67296976,OMR,W,56
Contra Costa PP Number 01,4/4/2005,499,55.79737907,OMR,AN,96
P8 - San Joaquin River @ Buckley Cove,4/3/1979,381,55.89304686,SJRcorridor,BN,51
P8 - San Joaquin River @ Buckley Cove,4/18/1978,240,55.92473399,SJRcorridor,AN,47
P8 - San Joaquin River @ Buckley Cove,2/7/1980,243,56.15652999,SJRcorridor,AN,32
Middle River @ Union Point - P10A,1/9/2017,338,56.18463132,OMR,W,53
Middle River @ Union Point - P10A,1/9/2017,338,56.18463132,SouthDelta,W,53
Middle River @ Union Point - P10A,3/7/2011,372,56.35666923,OMR,W,52
Middle River @ Union Point - P10A,3/7/2011,372,56.35666923,SouthDelta,W,52
Rock Slough at Delta Road Bridge,7/5/2011,169,56.36389323,OMR,W,44
Middle River @ Union Point - P10A,7/5/2011,184,56.36389323,OMR,W,37
Middle River @ Union Point - P10A,7/5/2011,184,56.36389323,SouthDelta,W,37
P8 - San Joaquin River @ Buckley Cove,4/3/1973,518,56.44372714,SJRcorridor,AN,83
Contra Costa PP Number 01,7/8/1998,233,56.61660003,OMR,W,52
OH1,5/1/2019,188,57,SouthDelta,W,40
ORX,5/1/2019,187,57,SouthDelta,W,40
GLE,5/1/2019,192,57,SouthDelta,W,41
Middle River @ Union Point - P10A,5/4/2010,400,57.05251942,OMR,BN,60
Middle River @ Union Point - P10A,5/4/2010,400,57.05251942,SouthDelta,BN,60
Contra Costa PP Number 01,5/5/1999,451,57.23000982,OMR,W,86
P8 - San Joaquin River @ Buckley Cove,4/4/1978,327,57.31670008,SJRcorridor,AN,49
Contra Costa PP Number 01,4/8/1999,324,57.34361395,OMR,W,62
Contra Costa PP Number 01,3/7/2005,654,57.47547175,OMR,AN,117
Rock Slough at Delta Road Bridge,6/6/2011,259,57.57300551,OMR,W,50
Middle River @ Union Point - P10A,6/6/2011,257,57.57300551,OMR,W,43
Middle River @ Union Point - P10A,6/6/2011,257,57.57300551,SouthDelta,W,43
P8 - San Joaquin River @ Buckley Cove,4/7/1980,279,57.57943317,SJRcorridor,AN,36
Middle River @ Union Point - P10A,5/2/2011,199,57.60965856,OMR,W,40
Middle River @ Union Point - P10A,5/2/2011,199,57.60965856,SouthDelta,W,40
San Joaquin River @ Mossdale Bridge - C7A,6/22/1995,240,57.6171137,SJRcorridor,W,43
Contra Costa PP Number 01,2/8/2000,385,57.61717763,OMR,AN,68
Contra Costa PP Number 01,6/8/1993,250,57.7015985,OMR,AN,57
P8 - San Joaquin River @ Buckley Cove,3/22/1968,395,57.81297746,SJRcorridor,BN,66
Clifton Court Intake,6/10/1993,301,57.844797,OMR,AN,58
Middle River at Bacon Island Bridge,6/10/1993,337,57.844797,OMR,AN,57
Middle River @ Union Point - P10A,6/5/2017,177,57.96351261,OMR,W,33
Middle River @ Union Point - P10A,6/5/2017,177,57.96351261,SouthDelta,W,33
P8 - San Joaquin River @ Buckley Cove,3/6/1979,242,58.17682582,SJRcorridor,BN,36
Contra Costa PP Number 01,4/4/1996,554,58.29157662,OMR,W,79
Contra Costa PP Number 01,6/14/1995,214,58.38588799,OMR,W,40
San Joaquin River @ Mossdale Bridge - C7A,7/20/1995,218,58.74876866,SJRcorridor,W,37
Middle River @ Union Point - P10A,3/5/2007,485,58.91442023,OMR,D,71
Contra Costa PP Number 01,3/5/2007,315,58.91442023,OMR,D,69
Middle River @ Union Point - P10A,3/5/2007,485,58.91442023,SouthDelta,D,71
Contra Costa PP Number 01,3/11/1993,801,59.02850507,OMR,AN,96
Clifton Court Intake,3/9/1993,730,59.04059358,OMR,AN,102
Middle River at Bacon Island Bridge,3/9/1993,471,59.04059358,OMR,AN,73
P8 - San Joaquin River @ Buckley Cove,3/20/1979,327,59.54056787,SJRcorridor,BN,40
Middle River @ Union Point - P10A,2/3/2016,488,59.65346245,OMR,BN,67
Middle River @ Union Point - P10A,2/3/2016,488,59.65346245,SouthDelta,BN,67
P8 - San Joaquin River @ Buckley Cove,12/17/1974,370,59.95905109,SJRcorridor,W,54
Old River @ Tracy Road Bridge - P12,2/26/2009,911,60.14582078,SouthDelta,D,124
Grant Line Canal @ Tracy Blvd,2/26/2009,840,60.14582078,SouthDelta,D,115
P8 - San Joaquin River @ Buckley Cove,5/16/1978,224,60.36200235,SJRcorridor,AN,43
P8 - San Joaquin River @ Buckley Cove,4/22/1980,237,60.4529479,SJRcorridor,AN,35
Contra Costa PP Number 01,3/3/2003,591,60.574921,OMR,AN,104
P8 - San Joaquin River @ Buckley Cove,5/1/1975,549,60.77989824,SJRcorridor,W,86
P8 - San Joaquin River @ Buckley Cove,5/1/1975,549,60.77989824,SJRcorridor,W,88
P8 - San Joaquin River @ Buckley Cove,2/2/1968,650,60.82383763,SJRcorridor,BN,90
Contra Costa PP Number 01,5/3/2005,346,60.83995013,OMR,AN,72
P8 - San Joaquin River @ Buckley Cove,1/17/1979,266,60.85168643,SJRcorridor,BN,47
OH1,5/29/2019,79,61,SouthDelta,W,27
ORX,5/29/2019,83,61,SouthDelta,W,26
GLE,5/29/2019,90,61,SouthDelta,W,27
Contra Costa PP Number 01,6/6/1996,277,61.33562885,OMR,W,54
P8 - San Joaquin River @ Buckley Cove,5/20/1980,185,61.52746743,SJRcorridor,AN,30
Middle River at Bacon Island Bridge,5/13/1993,411,61.911538,OMR,AN,70
Clifton Court Intake,5/13/1993,456,61.911538,OMR,AN,63
P8 - San Joaquin River @ Buckley Cove,9/18/1974,529,61.92807121,SJRcorridor,W,112
PDUP,6/12/2019,233,62,SouthDelta,W,40
TWA,6/12/2019,107,62,SouthDelta,W,29
San Joaquin River @ Mossdale Bridge - C7A,5/9/1996,336,62.32099718,SJRcorridor,W,47
Middle River at Bacon Island Bridge,4/21/1993,440,62.38347365,OMR,AN,74
Contra Costa PP Number 01,4/21/1993,265,62.38347365,OMR,AN,62
Rock Slough @ Old River,4/21/1993,211,62.38347365,OMR,AN,57
Old River North of Rock Slough (St 4b),4/21/1993,212,62.38347365,OMR,AN,57
San Joaquin River @ Mossdale Bridge - C7A,4/21/1993,601,62.38347365,SJRcorridor,AN,79
Little Connection Sl. @ Empire Tr.,4/21/1993,145,62.38347365,SJRcorridor,AN,47
Old River nr Tracy,4/21/1993,802,62.38347365,SouthDelta,AN,99
Grant Ln Can @ Tracy Rd Bdg,4/21/1993,615,62.38347365,SouthDelta,AN,83
Middle River @ Union Point - P10A,3/10/2016,321,62.66343249,OMR,BN,72
Middle River @ Union Point - P10A,3/10/2016,321,62.66343249,SouthDelta,BN,72
OH1,1/30/2019,944,63,SouthDelta,W,134
ORX,1/30/2019,928,63,SouthDelta,W,132
GLE,1/30/2019,891,63,SouthDelta,W,129
Contra Costa PP Number 01,1/3/2005,640,63.06546569,OMR,AN,86
Old River @ Middle River,2/25/2009,844,63.13375011,SouthDelta,D,116
Contra Costa PP Number 01,5/12/1993,410,63.16142825,OMR,AN,75
P8 - San Joaquin River @ Buckley Cove,6/3/1975,333,63.4770031,SJRcorridor,W,57
Contra Costa PP Number 01,5/2/2000,381,63.70366373,OMR,AN,73
Middle River @ Union Point - P10A,3/2/2010,483,63.81753273,OMR,BN,82
Middle River @ Union Point - P10A,3/2/2010,483,63.81753273,SouthDelta,BN,82
Contra Costa PP Number 01,1/13/1993,633,64.09402935,OMR,AN,84
Middle River at Bacon Island Bridge,1/13/1993,423,64.09402935,OMR,AN,67
San Joaquin River @ Mossdale Bridge - C7A,1/13/1993,357,64.09402935,SJRcorridor,AN,60
Little Connection Sl. @ Empire Tr.,1/13/1993,247,64.09402935,SJRcorridor,AN,49
Grant Ln Can @ Tracy Rd Bdg,1/13/1993,376,64.09402935,SouthDelta,AN,60
Old River nr Tracy,1/13/1993,332,64.09402935,SouthDelta,AN,59
Middle River @ Union Point - P10A,2/7/2011,334,64.18410148,OMR,W,56
Middle River @ Union Point - P10A,2/7/2011,334,64.18410148,SouthDelta,W,56
P8 - San Joaquin River @ Buckley Cove,10/23/1975,262,64.39367576,SJRcorridor,C,51
Old River @ Middle River,3/16/2009,1043,64.397985,SouthDelta,D,149
P8 - San Joaquin River @ Buckley Cove,5/6/1980,244,64.42849928,SJRcorridor,AN,38
P8 - San Joaquin River @ Buckley Cove,10/1/1974,388,64.58639727,SJRcorridor,W,79
Contra Costa PP Number 01,1/6/1999,459,64.63920091,OMR,W,85
P8 - San Joaquin River @ Buckley Cove,5/15/1975,453,64.74148651,SJRcorridor,W,80
Contra Costa PP Number 01,12/2/1998,289,64.89739823,OMR,W,67
Middle River @ Union Point - P10A,5/7/2018,352,64.92049336,OMR,BN,52
Middle River @ Union Point - P10A,5/7/2018,352,64.92049336,SouthDelta,BN,52
San Joaquin River @ Mossdale Bridge - C7A,6/13/1996,592,65.4871296,SJRcorridor,W,76
Contra Costa PP Number 01,7/12/1995,146,65.49822638,OMR,W,38
Middle River @ Union Point - P10A,3/2/2009,583,65.57301543,OMR,D,89
Middle River @ Union Point - P10A,3/2/2009,583,65.57301543,SouthDelta,D,89
P8 - San Joaquin River @ Buckley Cove,7/1/1975,415,65.61350093,SJRcorridor,W,71
P8 - San Joaquin River @ Buckley Cove,11/18/1974,405,65.81281422,SJRcorridor,W,75
Clifton Court Intake,2/25/1992,554,65.86224313,OMR,C,70
P8 - San Joaquin River @ Buckley Cove,10/16/1974,510,65.9782773,SJRcorridor,W,90
Contra Costa PP Number 01,3/4/2008,361,66.16351777,OMR,C,77
Middle River @ Union Point - P10A,3/4/2008,374,66.16351777,OMR,C,77
Middle River @ Union Point - P10A,3/4/2008,374,66.16351777,SouthDelta,C,77
Contra Costa PP Number 01,2/10/1993,361,66.22571537,OMR,AN,60
Middle River @ Union Point - P10A,4/7/2016,328,66.37589317,OMR,BN,65
Middle River @ Union Point - P10A,4/7/2016,328,66.37589317,SouthDelta,BN,65
P8 - San Joaquin River @ Buckley Cove,11/6/1974,313,66.51113004,SJRcorridor,W,56
Clifton Court Intake,5/7/1986,280,66.57784182,OMR,W,55
Contra Costa PP Number 01,2/7/2005,379,66.68285541,OMR,AN,85
Contra Costa PP Number 01,2/24/1992,793,66.71267132,OMR,C,80
Contra Costa PP Number 01,6/4/2003,293,66.71648137,OMR,AN,64
San Joaquin River at Holt Rd.,1/19/2011,247,66.73352135,SJRcorridor,W,48
P8 - San Joaquin River @ Buckley Cove,9/5/1974,504,66.73838917,SJRcorridor,W,110
P8 - San Joaquin River @ Buckley Cove,6/13/1978,225,66.90227077,SJRcorridor,AN,40
Contra Costa PP Number 01,5/2/1996,516,66.95278638,OMR,W,76
OH1,6/25/2019,107,67,SouthDelta,W,30
ORX,6/25/2019,105,67,SouthDelta,W,30
GLE,6/25/2019,104.5,67,SouthDelta,W,29.5
PDC,6/25/2019,109,67,SouthDelta,W,30
SGA,6/25/2019,128,67,SouthDelta,W,33
San Joaquin River @ Mossdale Bridge - C7A,9/14/1995,387,67.19233682,SJRcorridor,W,57
Contra Costa PP Number 01,9/6/1995,187,67.21706163,OMR,W,55
Old River @ Tracy Road Bridge - P12,3/23/2009,1179,67.34893515,SouthDelta,D,159
Grant Line Canal @ Tracy Blvd,3/23/2009,1156,67.34893515,SouthDelta,D,156
P8 - San Joaquin River @ Buckley Cove,1/13/1978,805,67.39051241,SJRcorridor,AN,84
Contra Costa PP Number 01,7/5/2006,162,67.43685291,OMR,W,38
Middle River @ Union Point - P10A,7/5/2006,154,67.43685291,OMR,W,31
Middle River @ Union Point - P10A,7/5/2006,154,67.43685291,SouthDelta,W,31
Contra Costa PP Number 01,6/2/1999,288,67.44761682,OMR,W,67
Old River @ Middle River,4/16/2009,694,67.73613947,SouthDelta,D,99
Middle River at Bacon Island Bridge,2/9/1993,320,67.78217395,OMR,AN,58
Clifton Court Intake,2/9/1993,345,67.78217395,OMR,AN,58
Contra Costa PP Number 01,9/2/1998,161,67.79734317,OMR,W,51
Middle River @ Union Point - P10A,6/8/2010,288,67.97063022,OMR,BN,53
Middle River @ Union Point - P10A,6/8/2010,288,67.97063022,SouthDelta,BN,53
San Joaquin River @ Mossdale Bridge - C7A,12/12/1996,220,67.9766535,SJRcorridor,W,50
Contra Costa PP Number 01,3/24/1992,421,67.98576989,OMR,C,78
P8 - San Joaquin River @ Buckley Cove,6/18/1980,405,68.21800044,SJRcorridor,AN,51
Old River @ Tracy Road Bridge - P12,5/7/2009,554,68.40551796,SouthDelta,D,78
Grant Line Canal @ Tracy Blvd,5/7/2009,425,68.40551796,SouthDelta,D,64
Clifton Court Intake,3/26/1992,321,68.43776556,OMR,C,74
Middle River at Bacon Island Bridge,3/26/1992,290,68.43776556,OMR,C,72
Middle River @ Union Point - P10A,4/6/2010,441,68.63765096,OMR,BN,82
Middle River @ Union Point - P10A,4/6/2010,441,68.63765096,SouthDelta,BN,82
P8 - San Joaquin River @ Buckley Cove,7/17/1969,360,68.77308425,SJRcorridor,W,64
Contra Costa PP Number 01,8/9/1995,150,68.77947219,OMR,W,38
P8 - San Joaquin River @ Buckley Cove,11/26/1975,472,68.81861425,SJRcorridor,C,79
Contra Costa PP Number 01,1/10/1996,303,68.97868863,OMR,W,65
P8 - San Joaquin River @ Buckley Cove,12/23/1975,422,69.03046395,SJRcorridor,C,73
P8 - San Joaquin River @ Buckley Cove,2/15/1979,493,69.04812625,SJRcorridor,BN,52
Contra Costa PP Number 01,4/6/2004,238,69.18983307,OMR,BN,71
Contra Costa PP Number 01,8/5/2003,348,69.2729812,OMR,AN,60
Contra Costa PP Number 01,6/4/2002,330,69.35185908,OMR,D,71
Contra Costa PP Number 01,10/11/1995,193,69.40952731,OMR,W,51
Contra Costa PP Number 01,7/22/1993,159,69.41514716,OMR,AN,46
P8 - San Joaquin River @ Buckley Cove,10/9/1975,403,69.58169251,SJRcorridor,C,84
Contra Costa PP Number 01,4/1/2003,663,69.81194277,OMR,AN,110
P8 - San Joaquin River @ Buckley Cove,7/1/1980,496,69.91469054,SJRcorridor,AN,57
Contra Costa PP Number 01,7/6/2005,151,69.97360216,OMR,AN,49
Middle River @ Union Point - P10A,7/10/2017,177,70.04911852,OMR,W,32
Middle River @ Union Point - P10A,7/10/2017,177,70.04911852,SouthDelta,W,32
Contra Costa PP Number 01,3/6/2001,753,70.05240742,OMR,D,110
Contra Costa PP Number 01,10/14/1998,208,70.16642583,OMR,W,62
Contra Costa PP Number 01,4/4/2000,391,70.46558651,OMR,AN,74
Clifton Court Intake,6/4/1986,303,70.7018673,OMR,W,52
Contra Costa PP Number 01,2/5/2002,385,70.70857903,OMR,D,86
Clifton Court Intake,8/10/1993,348,70.9026113,OMR,AN,62
Middle River at Bacon Island Bridge,8/10/1993,147,70.9026113,OMR,AN,45
Contra Costa PP Number 01,8/5/1998,190,70.95431958,OMR,W,46
P8 - San Joaquin River @ Buckley Cove,7/16/1980,399,71.00727741,SJRcorridor,AN,50
Contra Costa PP Number 01,5/6/2002,350,71.01564345,OMR,D,85
Old River South of Rock Slough (St 5A),5/17/1984,201,71.23309041,OMR,W,56
P8 - San Joaquin River @ Buckley Cove,8/22/1974,282,71.49326964,SJRcorridor,W,66
Middle River @ Union Point - P10A,1/5/2015,470,71.50190239,OMR,C,70
Middle River @ Union Point - P10A,1/5/2015,470,71.50190239,SouthDelta,C,70
P8 - San Joaquin River @ Buckley Cove,5/1/1973,732,71.50691023,SJRcorridor,AN,102
Contra Costa PP Number 01,8/12/1993,185,71.58781984,OMR,AN,48
Contra Costa PP Number 01,5/13/1997,363,71.63203277,OMR,W,67
San Joaquin River @ Mossdale Bridge - C7A,5/13/1997,346,71.63203277,SJRcorridor,W,53
Clifton Court Intake,3/27/1991,548,71.68911216,OMR,C,68
Contra Costa PP Number 01,8/5/1999,218,71.77110367,OMR,W,58
Contra Costa PP Number 01,2/3/2004,322,71.8099759,OMR,BN,72
P8 - San Joaquin River @ Buckley Cove,5/22/1979,707,71.9435071,SJRcorridor,BN,81
Contra Costa PP Number 01,4/2/2002,295,71.94484474,OMR,D,76
Contra Costa PP Number 01,12/10/1997,1080,71.95083355,OMR,W,102
TWA,7/1/2019,304.5,72,SouthDelta,W,56.5
OH1,7/9/2019,443,72,SouthDelta,W,75
ORX,7/9/2019,422,72,SouthDelta,W,74
GLE,7/9/2019,454,72,SouthDelta,W,76
PDC,7/9/2019,814,72,SouthDelta,W,103
SGA,7/9/2019,606,72,SouthDelta,W,91
PDUP,9/11/2019,1190,72,SouthDelta,W,133.5
TWA,9/11/2019,336,72,SouthDelta,W,57
P8 - San Joaquin River @ Buckley Cove,12/10/1980,504,72.01796665,SJRcorridor,D,61
Contra Costa PP Number 01,4/2/2007,255,72.02877378,OMR,D,66
Middle River @ Union Point - P10A,4/2/2007,318,72.02877378,OMR,D,66
Middle River @ Union Point - P10A,4/2/2007,318,72.02877378,SouthDelta,D,66
Middle River at Bacon Island Bridge,3/25/1991,469,72.32639176,OMR,C,67
P8 - San Joaquin River @ Buckley Cove,9/11/1975,620,72.50531258,SJRcorridor,W,125
P8 - San Joaquin River @ Buckley Cove,8/25/1975,566,72.50785297,SJRcorridor,W,98
Middle River at Bacon Island Bridge,3/24/1994,516,72.52425966,OMR,C,80
Clifton Court Intake,3/24/1994,437,72.52425966,OMR,C,77
Rock Slough @ Old River,3/24/1994,328,72.52425966,OMR,C,75
P8 - San Joaquin River @ Buckley Cove,7/15/1975,560,72.78657388,SJRcorridor,W,85
Contra Costa PP Number 01,4/4/2001,341,72.87905364,OMR,D,82
P8 - San Joaquin River @ Buckley Cove,11/13/1973,647,72.91115416,SJRcorridor,W,98
Contra Costa PP Number 01,6/6/2000,254,72.94579268,OMR,AN,60
PDUP,8/21/2019,1470,73,SouthDelta,W,145
TWA,8/21/2019,231,73,SouthDelta,W,44.9
OH1,9/4/2019,237,73,SouthDelta,W,47
ORX,9/4/2019,238,73,SouthDelta,W,48
GLE,9/4/2019,237,73,SouthDelta,W,46
PDC,9/4/2019,533,73,SouthDelta,W,77
SGA,9/4/2019,252,73,SouthDelta,W,48
PDUP,2/4/2020,1920,73,SouthDelta,D,184
TWA,2/4/2020,760,73,SouthDelta,D,110
GLE,4/21/2020,372,73,SouthDelta,D,60
ORX,4/21/2020,349,73,SouthDelta,D,57
OH1,4/21/2020,345,73,SouthDelta,D,57
PDC,4/21/2020,916.5,73,SouthDelta,D,107
SGA,4/21/2020,976,73,SouthDelta,D,148
Middle River @ Union Point - P10A,5/5/2009,358,73.26168644,OMR,D,76
Middle River @ Union Point - P10A,5/5/2009,358,73.26168644,SouthDelta,D,76
Contra Costa PP Number 01,7/8/1999,211,73.33227294,OMR,W,60
San Joaquin River @ Mossdale Bridge - C7A,7/18/1996,774,73.33974661,SJRcorridor,W,101
P8 - San Joaquin River @ Buckley Cove,9/25/1973,648,73.56187894,SJRcorridor,AN,119
Contra Costa PP Number 01,4/10/1997,272,73.77999403,OMR,W,64
San Joaquin River @ Mossdale Bridge - C7A,4/9/1997,788,73.79612645,SJRcorridor,W,108
Contra Costa PP Number 01,9/5/1996,283,73.8076039,OMR,W,62
P8 - San Joaquin River @ Buckley Cove,10/11/1978,407,73.92111953,SJRcorridor,BN,76
Old River @ Middle River,4/1/2009,1008,73.95020527,SouthDelta,D,135
PDUP,7/24/2019,1860,74,SouthDelta,W,164
TWA,7/24/2019,383,74,SouthDelta,W,68
PDUP,10/2/2019,1430,74,SouthDelta,D,142.5
TWA,10/2/2019,220,74,SouthDelta,D,41
San Joaquin River @ Mossdale Bridge - C7A,10/19/1995,202,74.05131326,SJRcorridor,W,39
Middle River @ Union Point - P10A,2/5/2018,402,74.06112596,OMR,BN,72
Middle River @ Union Point - P10A,2/5/2018,402,74.06112596,SouthDelta,BN,72
P8 - San Joaquin River @ Buckley Cove,5/2/1979,713,74.19905898,SJRcorridor,BN,76
P8 - San Joaquin River @ Buckley Cove,10/15/1973,530,74.39350789,SJRcorridor,W,98
Middle River @ Union Point - P10A,5/2/2007,346,74.44600721,OMR,D,62
Contra Costa PP Number 01,5/2/2007,268,74.44600721,OMR,D,61
Middle River @ Union Point - P10A,5/2/2007,346,74.44600721,SouthDelta,D,62
P8 - San Joaquin River @ Buckley Cove,10/15/1980,272,74.45344406,SJRcorridor,D,41
San Joaquin River @ Mossdale Bridge - C7A,8/17/1995,633,74.57233985,SJRcorridor,W,83
Middle River @ Union Point - P10A,6/5/2018,284,74.73149108,OMR,BN,50
Middle River @ Union Point - P10A,6/5/2018,284,74.73149108,SouthDelta,BN,50
Middle River @ Union Point - P10A,6/2/2009,336,74.90839371,OMR,D,67
Middle River @ Union Point - P10A,6/2/2009,336,74.90839371,SouthDelta,D,67
PDUP,10/29/2019,1580,75,SouthDelta,D,196
TWA,10/29/2019,281,75,SouthDelta,D,53
PDUP,4/29/2020,908,75,SouthDelta,D,110
TWA,4/29/2020,676,75,SouthDelta,D,98
Old River @ Tracy Road Bridge - P12,4/9/2009,1013,75.01511525,SouthDelta,D,133
Grant Line Canal @ Tracy Blvd,4/9/2009,844,75.01511525,SouthDelta,D,116
P8 - San Joaquin River @ Buckley Cove,6/5/1973,390,75.03508802,SJRcorridor,AN,61
P8 - San Joaquin River @ Buckley Cove,2/3/1975,508,75.04331266,SJRcorridor,W,66
Middle River at Bacon Island Bridge,7/8/1993,203,75.05380959,OMR,AN,50
Contra Costa PP Number 01,7/8/1993,159,75.05380959,OMR,AN,48
Old River North of Rock Slough (St 4b),7/8/1993,148,75.05380959,OMR,AN,46
Rock Slough @ Old River,7/8/1993,156,75.05380959,OMR,AN,46
San Joaquin River @ Mossdale Bridge - C7A,7/8/1993,842,75.05380959,SJRcorridor,AN,98
Little Connection Sl. @ Empire Tr.,7/8/1993,120,75.05380959,SJRcorridor,AN,38
Old River nr Tracy,7/8/1993,950,75.05380959,SouthDelta,AN,115
Grant Ln Can @ Tracy Rd Bdg,7/8/1993,855,75.05380959,SouthDelta,AN,104
P8 - San Joaquin River @ Buckley Cove,3/9/1976,827,75.28454988,SJRcorridor,C,100
Middle River @ Union Point - P10A,4/7/2009,314,75.36176628,OMR,D,72
Middle River @ Union Point - P10A,4/7/2009,314,75.36176628,SouthDelta,D,72
Middle River at Bacon Island Bridge,2/17/1994,482,75.37363149,OMR,C,75
Clifton Court Intake,2/17/1994,415,75.37363149,OMR,C,73
Rock Slough @ Old River,2/17/1994,370,75.37363149,OMR,C,72
Middle River @ Union Point - P10A,4/7/2014,459,75.44547873,OMR,C,83
Middle River @ Union Point - P10A,4/7/2014,459,75.44547873,SouthDelta,C,83
Middle River @ Union Point - P10A,5/3/2016,461,75.47029728,OMR,BN,79
Middle River @ Union Point - P10A,5/3/2016,461,75.47029728,SouthDelta,BN,79
Old River @ Tracy Road Bridge - P12,5/21/2009,488,75.54540529,SouthDelta,D,73
Grant Line Canal @ Tracy Blvd,5/21/2009,353,75.54540529,SouthDelta,D,58
Contra Costa PP Number 01,7/11/1996,175,75.57077698,OMR,W,51
P8 - San Joaquin River @ Buckley Cove,7/22/1974,289,75.62640398,SJRcorridor,W,62
P8 - San Joaquin River @ Buckley Cove,8/6/1974,229,75.76911836,SJRcorridor,W,61
P8 - San Joaquin River @ Buckley Cove,12/6/1979,627,75.8049134,SJRcorridor,AN,75
Middle River at Bacon Island Bridge,7/20/1993,161,75.81769133,OMR,AN,54
Clifton Court Intake,7/20/1993,166,75.81769133,OMR,AN,46
P8 - San Joaquin River @ Buckley Cove,12/5/1978,590,75.96131065,SJRcorridor,BN,80
OH1,9/25/2019,184,76,SouthDelta,W,42
ORX,9/25/2019,180,76,SouthDelta,W,41
GLE,9/25/2019,183,76,SouthDelta,W,42
PDC,9/25/2019,752,76,SouthDelta,W,101
SGA,9/25/2019,215,76,SouthDelta,W,46
OH1,1/2/2020,682,76,SouthDelta,D,103
ORX,1/2/2020,681,76,SouthDelta,D,103
GLE,1/2/2020,699,76,SouthDelta,D,105
PDC,1/2/2020,679,76,SouthDelta,D,103
SGA,1/2/2020,749,76,SouthDelta,D,109
P8 - San Joaquin River @ Buckley Cove,9/26/1978,496,76.05153948,SJRcorridor,AN,92
P8 - San Joaquin River @ Buckley Cove,8/5/1980,478,76.09952366,SJRcorridor,AN,60
Contra Costa PP Number 01,5/4/2004,233,76.25300399,OMR,BN,69
Clifton Court Intake,5/19/1994,599,76.51544974,OMR,C,86
Middle River at Bacon Island Bridge,5/19/1994,499,76.51544974,OMR,C,75
Rock Slough @ Old River,5/19/1994,395,76.51544974,OMR,C,73
P8 - San Joaquin River @ Buckley Cove,1/22/1976,445,76.64284768,SJRcorridor,C,61
Rock Slough @ Old River,9/24/1986,285,76.64482557,OMR,W,68
San Joaquin River @ Mossdale Bridge - C7A,9/12/1996,666,76.73553471,SJRcorridor,W,108
P8 - San Joaquin River @ Buckley Cove,9/16/1980,408,76.76415917,SJRcorridor,AN,56
P8 - San Joaquin River @ Buckley Cove,10/24/1978,413,76.7846321,SJRcorridor,BN,74
PDUP,1/15/2019,2110,77,SouthDelta,W,169
SGA,1/15/2019,1170,77,SouthDelta,W,164
PDC,1/15/2019,822,77,SouthDelta,W,125
TWA,1/15/2019,977,77,SouthDelta,W,134
PDC,2/19/2020,821,77,SouthDelta,D,117
SGA,2/19/2020,902.5,77,SouthDelta,D,125.5
PDUP,4/7/2020,1972,77,SouthDelta,D,182
TWA,4/7/2020,996,77,SouthDelta,D,137
P8 - San Joaquin River @ Buckley Cove,4/20/1976,802,77.04748941,SJRcorridor,C,98
Rock Slough @ Old River,7/2/1986,225,77.07568175,OMR,W,56
Contra Costa PP Number 01,4/22/1992,362,77.19407905,OMR,C,84
Old River North of Rock Slough (St 4b),4/22/1992,325,77.19407905,OMR,C,81
Rock Slough @ Old River,4/22/1992,330,77.19407905,OMR,C,81
Middle River at Bacon Island Bridge,4/22/1992,335,77.19407905,OMR,C,79
San Joaquin River @ Mossdale Bridge - C7A,4/22/1992,834,77.19407905,SJRcorridor,C,114
Little Connection Sl. @ Empire Tr.,4/22/1992,231,77.19407905,SJRcorridor,C,73
Old River nr Tracy,4/22/1992,1110,77.19407905,SouthDelta,C,136
Grant Ln Can @ Tracy Rd Bdg,4/22/1992,932,77.19407905,SouthDelta,C,115
Grant Line/Fabian/Bell Canals nr Old R.,4/22/1992,409,77.19407905,SouthDelta,C,84
Old River @ Tracy Road Bridge - P12,6/8/2009,739,77.24823856,SouthDelta,D,102
Grant Line Canal @ Tracy Blvd,6/8/2009,550,77.24823856,SouthDelta,D,81
Contra Costa PP Number 01,9/2/1997,269,77.2650624,OMR,W,65
San Joaquin River @ Mossdale Bridge - C7A,9/2/1997,671,77.2650624,SJRcorridor,W,109
Middle River @ Union Point - P10A,10/2/2017,186,77.2692402,OMR,BN,52
Middle River @ Union Point - P10A,10/2/2017,186,77.2692402,SouthDelta,BN,52
Contra Costa PP Number 01,8/6/1997,267,77.35304839,OMR,W,56
P8 - San Joaquin River @ Buckley Cove,8/12/1975,426,77.40602531,SJRcorridor,W,80
Contra Costa PP Number 01,8/2/2000,244,77.4197889,OMR,AN,52
San Joaquin River @ Mossdale Bridge - C7A,8/15/1996,747,77.45680181,SJRcorridor,W,102
Middle River @ Union Point - P10A,9/7/2017,193,77.48586469,OMR,W,47
Middle River @ Union Point - P10A,9/7/2017,193,77.48586469,SouthDelta,W,47
Old River South of Rock Slough (St 5A),12/17/1985,605,77.70271234,OMR,W,65
P8 - San Joaquin River @ Buckley Cove,9/12/1978,503,77.82234538,SJRcorridor,AN,93
San Joaquin River @ Mossdale Bridge - C7A,8/7/1997,663,77.94958475,SJRcorridor,W,108
Contra Costa PP Number 01,12/5/1996,688,78.03491703,OMR,W,71
Middle River @ Union Point - P10A,3/2/2015,406,78.10690622,OMR,C,80
Middle River @ Union Point - P10A,3/2/2015,406,78.10690622,SouthDelta,C,80
Old River near Rock Slough,10/1/1959,396,78.11676896,OMR,D,85
Old River near Rock Slough,10/1/1959,352,78.11676896,OMR,D,84
Contra Costa PP Number 01,11/4/1998,190,78.12007996,OMR,W,58
San Joaquin River @ Mossdale Bridge - C7A,7/2/1997,620,78.23532434,SJRcorridor,W,104
Middle River @ Union Point - P10A,8/2/2006,261,78.28975195,OMR,W,54
Middle River @ Union Point - P10A,8/2/2006,261,78.28975195,SouthDelta,W,54
P8 - San Joaquin River @ Buckley Cove,6/27/1978,384,78.37465134,SJRcorridor,AN,62
Contra Costa PP Number 01,4/8/2008,465,78.37516679,OMR,C,92
Middle River @ Union Point - P10A,4/8/2008,492,78.37516679,OMR,C,89
Middle River @ Union Point - P10A,4/8/2008,492,78.37516679,SouthDelta,C,89
Contra Costa PP Number 01,9/1/1993,205,78.41118016,OMR,AN,51
Old River North of Rock Slough (St 4b),9/1/1993,212,78.41118016,OMR,AN,50
Rock Slough @ Old River,9/1/1993,216,78.41118016,OMR,AN,50
Middle River at Bacon Island Bridge,9/1/1993,175,78.41118016,OMR,AN,49
San Joaquin River @ Mossdale Bridge - C7A,9/1/1993,349,78.41118016,SJRcorridor,AN,55
Little Connection Sl. @ Empire Tr.,9/1/1993,162,78.41118016,SJRcorridor,AN,52
Old River nr Tracy,9/1/1993,530,78.41118016,SouthDelta,AN,76
Grant Ln Can @ Tracy Rd Bdg,9/1/1993,386,78.41118016,SouthDelta,AN,58
P8 - San Joaquin River @ Buckley Cove,10/28/1980,480,78.49192408,SJRcorridor,D,59
Contra Costa PP Number 01,6/4/1997,294,78.50514499,OMR,W,64
San Joaquin River @ Mossdale Bridge - C7A,6/4/1997,560,78.50514499,SJRcorridor,W,84
Middle River @ Union Point - P10A,9/6/2006,240,78.70958184,OMR,W,54
Middle River @ Union Point - P10A,9/6/2006,240,78.70958184,SouthDelta,W,54
Contra Costa PP Number 01,4/20/1994,375,78.884997,OMR,C,82
Rock Slough @ Old River,4/20/1994,357,78.884997,OMR,C,78
Old River North of Rock Slough (St 4b),4/20/1994,348,78.884997,OMR,C,77
Middle River at Bacon Island Bridge,4/20/1994,441,78.884997,OMR,C,75
San Joaquin River @ Mossdale Bridge - C7A,4/20/1994,880,78.884997,SJRcorridor,C,106
Little Connection Sl. @ Empire Tr.,4/20/1994,236,78.884997,SJRcorridor,C,72
Old River nr Tracy,4/20/1994,942,78.884997,SouthDelta,C,111
Grant Line/Fabian/Bell Canals nr Old R.,4/20/1994,922,78.884997,SouthDelta,C,108
Grant Ln Can @ Tracy Rd Bdg,4/20/1994,824,78.884997,SouthDelta,C,99
P8 - San Joaquin River @ Buckley Cove,11/13/1980,478,78.88599987,SJRcorridor,D,62
Contra Costa PP Number 01,7/1/1997,249,78.99333076,OMR,W,66
OH1,1/8/2019,940,79,SouthDelta,W,129
ORX,1/8/2019,944,79,SouthDelta,W,129
GLE,1/8/2019,977,79,SouthDelta,W,130
PDUP,3/4/2020,1820,79,SouthDelta,D,179
TWA,3/4/2020,494,79,SouthDelta,D,79
Contra Costa PP Number 01,10/3/2006,272,79.15994988,OMR,D,70
Middle River @ Union Point - P10A,10/3/2006,253,79.15994988,OMR,D,61
Middle River @ Union Point - P10A,10/3/2006,253,79.15994988,SouthDelta,D,61
P8 - San Joaquin River @ Buckley Cove,11/20/1978,378,79.17830243,SJRcorridor,BN,53
Contra Costa PP Number 01,12/6/1995,213,79.32528838,OMR,W,55
Middle River @ Union Point - P10A,8/2/2010,189,79.32890201,OMR,BN,50
Middle River @ Union Point - P10A,8/2/2010,189,79.32890201,SouthDelta,BN,50
Old River @ Tracy Road Bridge - P12,4/23/2009,814,79.53429049,SouthDelta,D,114
Grant Line Canal @ Tracy Blvd,4/23/2009,463,79.53429049,SouthDelta,D,70
San Joaquin River @ Mossdale Bridge - C7A,11/16/1995,750,79.55759468,SJRcorridor,W,111
Rock Slough @ Old River,1/24/1990,962,79.66720736,OMR,C,66
Old River North of Rock Slough (St 4b),1/24/1990,804,79.66720736,OMR,C,59
Middle River at Bacon Island Bridge,1/24/1990,420,79.66720736,OMR,C,56
Little Connection Sl. @ Empire Tr.,1/24/1990,204,79.66720736,SJRcorridor,C,58
San Joaquin River @ Mossdale Bridge - C7A,1/24/1990,1310,79.66720736,SJRcorridor,C,140
Old River nr Tracy,1/24/1990,1190,79.66720736,SouthDelta,C,134
Grant Ln Can @ Tracy Rd Bdg,1/24/1990,1200,79.66720736,SouthDelta,C,132
Grant Line/Fabian/Bell Canals nr Old R.,1/24/1990,1100,79.66720736,SouthDelta,C,118
Middle River @ Union Point - P10A,2/6/2007,460,79.89948567,OMR,D,72
Contra Costa PP Number 01,2/6/2007,456,79.89948567,OMR,D,66
Middle River @ Union Point - P10A,2/6/2007,460,79.89948567,SouthDelta,D,72
San Joaquin River @ Mossdale Bridge - C7A,12/7/1995,746,79.94458802,SJRcorridor,W,104
Contra Costa PP Number 01,5/26/1994,427,79.98947042,OMR,C,77
ORX,6/16/2020,254,80,SouthDelta,D,50
PDUP,6/17/2020,1410,80,SouthDelta,D,155
Old River North of Rock Slough (St 4b),7/25/1989,350,80.02863026,OMR,D,57
Middle River at Bacon Island Bridge,7/25/1989,200,80.02863026,OMR,D,39
San Joaquin River @ Mossdale Bridge - C7A,7/25/1989,800,80.02863026,SJRcorridor,D,120
Little Connection Sl. @ Empire Tr.,7/25/1989,130,80.02863026,SJRcorridor,D,50
Old River nr Tracy,7/25/1989,850,80.02863026,SouthDelta,D,130
Grant Ln Can @ Tracy Rd Bdg,7/25/1989,800,80.02863026,SouthDelta,D,110
Grant Line/Fabian/Bell Canals nr Old R.,7/25/1989,800,80.02863026,SouthDelta,D,110
Clifton Court Intake,2/21/1990,472,80.12996718,OMR,C,69
Contra Costa PP Number 01,10/6/2004,730,80.20091081,OMR,AN,83
P8 - San Joaquin River @ Buckley Cove,8/19/1980,550,80.23345008,SJRcorridor,AN,62
Middle River @ Union Point - P10A,1/2/2007,490,80.23657174,OMR,D,71
Contra Costa PP Number 01,1/2/2007,704,80.23657174,OMR,D,70
Middle River @ Union Point - P10A,1/2/2007,490,80.23657174,SouthDelta,D,71
Contra Costa PP Number 01,6/4/2007,324,80.25338455,OMR,D,68
Middle River @ Union Point - P10A,6/4/2007,399,80.25338455,OMR,D,66
Middle River @ Union Point - P10A,6/4/2007,399,80.25338455,SouthDelta,D,66
Contra Costa PP Number 01,6/6/2001,335,80.28545946,OMR,D,72
Contra Costa PP Number 01,7/2/2002,262,80.39099747,OMR,D,67
Contra Costa PP Number 01,1/6/1998,920,80.42409534,OMR,W,95
Middle River at Bacon Island Bridge,1/19/1994,356,80.49647088,OMR,C,62
Clifton Court Intake,1/19/1994,367,80.49647088,OMR,C,62
P8 - San Joaquin River @ Buckley Cove,3/22/1976,633,80.53182831,SJRcorridor,C,84
Contra Costa PP Number 01,1/4/2000,1186,80.55744457,OMR,AN,98
Middle River @ Union Point - P10A,3/3/2014,725,80.57624471,OMR,C,90
Middle River @ Union Point - P10A,3/3/2014,725,80.57624471,SouthDelta,C,90
Contra Costa PP Number 01,7/3/2000,229,80.70368222,OMR,AN,62
Middle River @ Union Point - P10A,7/6/2010,241,80.72423904,OMR,BN,52
Middle River @ Union Point - P10A,7/6/2010,241,80.72423904,SouthDelta,BN,52
Middle River @ Union Point - P10A,8/7/2017,217,80.74384873,OMR,W,45
Middle River @ Union Point - P10A,8/7/2017,217,80.74384873,SouthDelta,W,45
Contra Costa PP Number 01,8/2/2005,196,80.7913406,OMR,AN,60
Middle River at Bacon Island Bridge,9/21/1993,275,80.87356521,OMR,AN,62
Clifton Court Intake,9/21/1993,245,80.87356521,OMR,AN,60
P8 - San Joaquin River @ Buckley Cove,9/3/1980,647,80.90049445,SJRcorridor,AN,66
Middle River @ Union Point - P10A,7/2/2007,303,80.94470218,OMR,D,66
Contra Costa PP Number 01,7/2/2007,264,80.94470218,OMR,D,65
Middle River @ Union Point - P10A,7/2/2007,303,80.94470218,SouthDelta,D,66
Contra Costa PP Number 01,2/9/1994,388,80.94524586,OMR,C,70
SGA,6/20/2018,664,81,SouthDelta,BN,105
PDC,6/20/2018,855,81,SouthDelta,BN,102
OH1,8/6/2019,415,81,SouthDelta,W,77
ORX,8/6/2019,343,81,SouthDelta,W,64
GLE,8/6/2019,398,81,SouthDelta,W,75
PDC,8/6/2019,412,81,SouthDelta,W,72
SGA,8/6/2019,430,81,SouthDelta,W,74
OH1,11/6/2019,470,81,SouthDelta,D,83
ORX,11/6/2019,438,81,SouthDelta,D,79
GLE,11/6/2019,418,81,SouthDelta,D,75
PDC,11/6/2019,671,81,SouthDelta,D,97
SGA,11/6/2019,549,81,SouthDelta,D,94
PDUP,5/18/2020,1540,81,SouthDelta,D,166
San Joaquin River @ Mossdale Bridge - C7A,1/18/1996,946,81.11891586,SJRcorridor,W,116
San Joaquin River @ Mossdale Bridge - C7A,12/20/1994,946,81.11970496,SJRcorridor,W,121
Contra Costa PP Number 01,11/8/1995,200,81.20170079,OMR,W,50
Contra Costa PP Number 01,1/5/1994,403,81.23635172,OMR,C,59
Middle River @ Union Point - P10A,5/6/2008,503,81.24308533,OMR,C,86
Contra Costa PP Number 01,5/6/2008,415,81.24308533,OMR,C,84
Middle River @ Union Point - P10A,5/6/2008,503,81.24308533,SouthDelta,C,86
Contra Costa PP Number 01,8/3/2004,470,81.28623188,OMR,BN,64
Contra Costa PP Number 01,6/2/2008,366,81.73068377,OMR,C,83
Middle River @ Union Point - P10A,6/2/2008,435,81.73068377,OMR,C,79
Middle River @ Union Point - P10A,6/2/2008,435,81.73068377,SouthDelta,C,79
Contra Costa PP Number 01,10/3/2005,504,81.90521431,OMR,W,73
Contra Costa PP Number 01,10/3/1996,292,81.93439648,OMR,W,72
Contra Costa PP Number 01,9/10/2003,388,81.97587927,OMR,AN,67
Middle River @ Union Point - P10A,7/7/2009,228,82.06398554,OMR,D,59
Middle River @ Union Point - P10A,7/7/2009,228,82.06398554,SouthDelta,D,59
San Joaquin River @ Mossdale Bridge - C7A,1/20/2010,778,82.2895829,SJRcorridor,BN,102
SAN JOAQUIN R A BRANDT BR        ,1/20/2010,923,82.2895829,SJRcorridor,BN,118
P8 - San Joaquin River @ Buckley Cove,2/19/1976,783,82.29375485,SJRcorridor,C,98
Contra Costa PP Number 01,2/6/2001,943,82.30525912,OMR,D,92
Middle River @ Union Point - P10A,8/6/2018,197,82.35063213,OMR,BN,56
Middle River @ Union Point - P10A,8/6/2018,197,82.35063213,SouthDelta,BN,56
P8 - San Joaquin River @ Buckley Cove,7/17/1979,338,82.37194526,SJRcorridor,BN,52
Contra Costa PP Number 01,1/12/1994,482,82.38546939,OMR,C,64
Middle River at Bacon Island Bridge,1/12/1994,311,82.38546939,OMR,C,60
Rock Slough @ Old River,1/12/1994,341,82.38546939,OMR,C,60
Old River North of Rock Slough (St 4b),1/12/1994,337,82.38546939,OMR,C,59
San Joaquin River @ Mossdale Bridge - C7A,1/12/1994,731,82.38546939,SJRcorridor,C,89
Little Connection Sl. @ Empire Tr.,1/12/1994,227,82.38546939,SJRcorridor,C,67
Old River nr Tracy,1/12/1994,771,82.38546939,SouthDelta,C,96
Grant Ln Can @ Tracy Rd Bdg,1/12/1994,726,82.38546939,SouthDelta,C,89
P8 - San Joaquin River @ Buckley Cove,7/11/1978,481,82.38755921,SJRcorridor,AN,73
Contra Costa PP Number 01,12/3/2001,750,82.50576236,OMR,D,82
Contra Costa PP Number 01,12/13/1994,814,82.54298007,OMR,W,74
Middle River @ Union Point - P10A,7/9/2018,246,82.60710477,OMR,BN,57
Middle River @ Union Point - P10A,7/9/2018,246,82.60710477,SouthDelta,BN,57
Contra Costa PP Number 01,12/16/1993,566,82.70555681,OMR,C,61
Contra Costa PP Number 01,12/5/2005,660,82.80590189,OMR,W,74
P8 - San Joaquin River @ Buckley Cove,10/24/1979,471,82.84708115,SJRcorridor,AN,53
P8 - San Joaquin River @ Buckley Cove,9/25/1979,623,82.86895876,SJRcorridor,BN,80
Middle River @ Union Point - P10A,6/7/2016,319,82.94141541,OMR,BN,61
Middle River @ Union Point - P10A,6/7/2016,319,82.94141541,SouthDelta,BN,61
Clifton Court Intake,8/21/1990,397,82.94560259,OMR,C,60
P8 - San Joaquin River @ Buckley Cove,5/6/1976,606,82.95644102,SJRcorridor,C,86
Old River @ Tracy Road Bridge - P12,2/11/2009,1093,83.0036227,SouthDelta,D,142
Grant Line Canal @ Tracy Blvd,2/11/2009,1068,83.0036227,SouthDelta,D,136
P8 - San Joaquin River @ Buckley Cove,4/6/1976,699,83.05086025,SJRcorridor,C,88
Contra Costa PP Number 01,7/7/2004,430,83.05294294,OMR,BN,67
Contra Costa PP Number 01,9/6/2005,418,83.07162013,OMR,AN,68
Rock Slough @ Old River,2/23/1990,598,83.08252588,OMR,C,67
P8 - San Joaquin River @ Buckley Cove,8/14/1979,361,83.11503272,SJRcorridor,BN,59
P8 - San Joaquin River @ Buckley Cove,7/2/1973,412,83.15487119,SJRcorridor,AN,69
P8 - San Joaquin River @ Buckley Cove,10/10/1968,900,83.16574214,SJRcorridor,W,155
Contra Costa PP Number 01,8/5/2002,665,83.27712196,OMR,D,72
Middle River @ Union Point - P10A,1/3/2008,544,83.34570353,OMR,C,75
Middle River @ Union Point - P10A,1/3/2008,544,83.34570353,SouthDelta,C,75
P8 - San Joaquin River @ Buckley Cove,8/28/1973,415,83.35486185,SJRcorridor,AN,78
Contra Costa PP Number 01,9/23/1993,285,83.44869348,OMR,AN,63
Contra Costa PP Number 01,9/8/2004,540,83.45154489,OMR,BN,68
Middle River at Bacon Island Bridge,8/22/1990,269,83.47764088,OMR,C,60
Old River North of Rock Slough (St 4b),8/22/1990,463,83.47764088,OMR,C,60
Rock Slough @ Old River,8/22/1990,477,83.47764088,OMR,C,59
Little Connection Sl. @ Empire Tr.,8/22/1990,178,83.47764088,SJRcorridor,C,64
San Joaquin River @ Mossdale Bridge - C7A,8/22/1990,738,83.47764088,SJRcorridor,C,105
Old River nr Tracy,8/22/1990,857,83.47764088,SouthDelta,C,117
Grant Ln Can @ Tracy Rd Bdg,8/22/1990,735,83.47764088,SouthDelta,C,103
Grant Line/Fabian/Bell Canals nr Old R.,8/22/1990,652,83.47764088,SouthDelta,C,91
Contra Costa PP Number 01,11/1/2004,765,83.50140273,OMR,AN,87
San Joaquin River @ Mossdale Bridge - C7A,10/10/1996,609,83.55493234,SJRcorridor,W,101
Middle River @ Union Point - P10A,8/1/2016,207,83.57049111,OMR,BN,47
Middle River @ Union Point - P10A,8/1/2016,207,83.57049111,SouthDelta,BN,47
Old River near Rock Slough,10/30/1959,345,83.58656463,OMR,D,85
Old River near Rock Slough,10/30/1959,281,83.58656463,OMR,D,80
P8 - San Joaquin River @ Buckley Cove,8/22/1978,387,83.59458748,SJRcorridor,AN,72
Middle River @ Union Point - P10A,12/7/2016,398,83.68530205,OMR,W,66
Middle River @ Union Point - P10A,12/7/2016,398,83.68530205,SouthDelta,W,66
Old River @ Middle River,1/29/2009,862,83.77227583,SouthDelta,D,112
P8 - San Joaquin River @ Buckley Cove,10/10/1979,429,83.85505666,SJRcorridor,AN,64
Middle River @ Union Point - P10A,12/4/2017,246,83.87250454,OMR,BN,61
Middle River @ Union Point - P10A,12/4/2017,246,83.87250454,SouthDelta,BN,61
Contra Costa PP Number 01,10/5/1993,368,83.89162437,OMR,C,69
Middle River @ Union Point - P10A,10/5/2010,340,83.98583932,OMR,W,70
Middle River @ Union Point - P10A,10/5/2010,340,83.98583932,SouthDelta,W,70
Old River @ Middle River,2/10/2009,1079,84.02790463,SouthDelta,D,136
Middle River @ Union Point - P10A,9/7/2016,288,84.03725468,OMR,BN,61
Middle River @ Union Point - P10A,9/7/2016,288,84.03725468,SouthDelta,BN,61
P8 - San Joaquin River @ Buckley Cove,8/9/1978,399,84.05648792,SJRcorridor,AN,69
Middle River @ Union Point - P10A,8/4/2009,265,84.14076361,OMR,D,49
Middle River @ Union Point - P10A,8/4/2009,265,84.14076361,SouthDelta,D,49
Contra Costa PP Number 01,11/7/1996,495,84.27562766,OMR,W,68
Middle River @ Union Point - P10A,12/6/2010,321,84.27592276,OMR,W,60
Middle River @ Union Point - P10A,12/6/2010,321,84.27592276,SouthDelta,W,60
P8 - San Joaquin River @ Buckley Cove,8/28/1979,415,84.30117598,SJRcorridor,BN,57
Middle River @ Union Point - P10A,2/3/2009,633,84.30493265,OMR,D,86
Contra Costa PP Number 01,2/3/2009,794,84.30493265,OMR,D,84
Middle River @ Union Point - P10A,2/3/2009,633,84.30493265,SouthDelta,D,86
Contra Costa PP Number 01,12/7/1999,1390,84.3486242,OMR,AN,153
Middle River at Bacon Island Bridge,12/15/1993,305,84.34978841,OMR,C,60
Clifton Court Intake,12/15/1993,490,84.34978841,OMR,C,58
P8 - San Joaquin River @ Buckley Cove,8/27/1976,500,84.3652361,SJRcorridor,C,88
Middle River @ Union Point - P10A,9/9/2009,345,84.37552482,OMR,D,66
Middle River @ Union Point - P10A,9/9/2009,345,84.37552482,SouthDelta,D,66
Contra Costa PP Number 01,11/7/2000,668,84.3926938,OMR,D,72
Clifton Court Intake,6/27/1990,786,84.4854239,OMR,C,84
Middle River @ Union Point - P10A,7/6/2016,222,84.55059684,OMR,BN,52
Middle River @ Union Point - P10A,7/6/2016,222,84.55059684,SouthDelta,BN,52
Clifton Court Intake,2/14/1990,515,84.5852336,OMR,C,68
San Joaquin River @ Mossdale Bridge - C7A,2/14/1990,1300,84.5852336,SJRcorridor,C,131
Old River nr Tracy,2/14/1990,1320,84.5852336,SouthDelta,C,137
Grant Ln Can @ Tracy Rd Bdg,2/14/1990,1240,84.5852336,SouthDelta,C,128
Old River near Rock Slough,9/15/1959,486,84.58759953,OMR,BN,76
Old River near Rock Slough,9/15/1959,509,84.58759953,OMR,BN,76
Clifton Court Intake,10/14/1993,287,84.61138109,OMR,C,61
Middle River at Bacon Island Bridge,10/14/1993,295,84.61138109,OMR,C,57
Middle River @ Union Point - P10A,11/3/2010,334,84.63274041,OMR,W,61
Middle River @ Union Point - P10A,11/3/2010,334,84.63274041,SouthDelta,W,61
Middle River @ Union Point - P10A,8/6/2007,277,84.7182393,OMR,D,58
Contra Costa PP Number 01,8/6/2007,492,84.7182393,OMR,D,56
Middle River @ Union Point - P10A,8/6/2007,277,84.7182393,SouthDelta,D,58
Middle River @ Union Point - P10A,1/8/2018,456,84.74492337,OMR,BN,64
Middle River @ Union Point - P10A,1/8/2018,456,84.74492337,SouthDelta,BN,64
Middle River @ Union Point - P10A,7/1/2008,318,84.87243383,OMR,C,70
Contra Costa PP Number 01,7/1/2008,287,84.87243383,OMR,C,67
Middle River @ Union Point - P10A,7/1/2008,318,84.87243383,SouthDelta,C,70
Middle River @ Union Point - P10A,9/10/2018,346,84.8982076,OMR,BN,68
Middle River @ Union Point - P10A,9/10/2018,346,84.8982076,SouthDelta,BN,68
Contra Costa PP Number 01,10/20/1993,458,84.89979461,OMR,C,65
Old River North of Rock Slough (St 4b),10/20/1993,436,84.89979461,OMR,C,60
Rock Slough @ Old River,10/20/1993,425,84.89979461,OMR,C,59
Middle River at Bacon Island Bridge,10/20/1993,287,84.89979461,OMR,C,57
San Joaquin River @ Mossdale Bridge - C7A,10/20/1993,245,84.89979461,SJRcorridor,C,48
Little Connection Sl. @ Empire Tr.,10/20/1993,151,84.89979461,SJRcorridor,C,49
Grant Line/Fabian/Bell Canals nr Old R.,10/20/1993,318,84.89979461,SouthDelta,C,60
Old River nr Tracy,10/20/1993,249,84.89979461,SouthDelta,C,47
Grant Ln Can @ Tracy Rd Bdg,10/20/1993,244,84.89979461,SouthDelta,C,46
P8 - San Joaquin River @ Buckley Cove,7/25/1978,424,85.01327052,SJRcorridor,AN,70
Middle River at Bacon Island Bridge,4/23/1991,294,85.01362795,OMR,C,73
San Joaquin River @ Mossdale Bridge - C7A,4/23/1991,1330,85.01362795,SJRcorridor,C,150
Little Connection Sl. @ Empire Tr.,4/23/1991,251,85.01362795,SJRcorridor,C,83
Old River nr Tracy,4/23/1991,1510,85.01362795,SouthDelta,C,161
Grant Ln Can @ Tracy Rd Bdg,4/23/1991,1360,85.01362795,SouthDelta,C,154
Rock Slough @ Old River,3/20/1990,548,85.09103604,OMR,C,72
Clifton Court Intake,3/20/1990,404,85.09103604,OMR,C,71
P8 - San Joaquin River @ Buckley Cove,9/14/1976,410,85.13108289,SJRcorridor,C,90
Middle River @ Union Point - P10A,9/5/2007,364,85.25541551,OMR,D,66
Contra Costa PP Number 01,9/5/2007,812,85.25541551,OMR,D,52
Middle River @ Union Point - P10A,9/5/2007,364,85.25541551,SouthDelta,D,66
P8 - San Joaquin River @ Buckley Cove,7/31/1973,410,85.28607593,SJRcorridor,AN,102
Contra Costa PP Number 01,10/7/1999,892,85.55971154,OMR,AN,121
P8 - San Joaquin River @ Buckley Cove,8/3/1976,418,85.66917278,SJRcorridor,C,79
P8 - San Joaquin River @ Buckley Cove,7/20/1976,487,85.68882507,SJRcorridor,C,84
SAN JOAQUIN R A BRANDT BR        ,1/18/2010,945,86.04685619,SJRcorridor,BN,122
San Joaquin River @ Mossdale Bridge - C7A,1/18/2010,848,86.04685619,SJRcorridor,BN,110
P8 - San Joaquin River @ Buckley Cove,6/3/1976,465,86.05790799,SJRcorridor,C,86
Middle River @ Union Point - P10A,1/6/2009,589,86.18470086,OMR,D,86
Middle River @ Union Point - P10A,1/6/2009,589,86.18470086,SouthDelta,D,86
Contra Costa PP Number 01,6/8/2004,308,86.24729429,OMR,BN,65
P8 - San Joaquin River @ Buckley Cove,5/20/1976,494,86.25465911,SJRcorridor,C,83
Middle River @ Union Point - P10A,1/5/2010,466,86.26711441,OMR,BN,74
Middle River @ Union Point - P10A,1/5/2010,466,86.26711441,SouthDelta,BN,74
Clifton Court Intake,4/24/1991,792,86.48122671,OMR,C,104
Contra Costa PP Number 01,6/16/1994,407,86.55672415,OMR,C,76
Middle River @ Union Point - P10A,10/4/2016,387,86.5637221,OMR,W,65
Middle River @ Union Point - P10A,10/4/2016,387,86.5637221,SouthDelta,W,65
Middle River at Bacon Island Bridge,7/26/1990,286,86.56430395,OMR,C,62
Rock Slough @ Old River,7/26/1990,572,86.56430395,OMR,C,62
Old River North of Rock Slough (St 4b),7/26/1990,524,86.56430395,OMR,C,61
Little Connection Sl. @ Empire Tr.,7/26/1990,160,86.56430395,SJRcorridor,C,53
San Joaquin River @ Mossdale Bridge - C7A,7/26/1990,853,86.56430395,SJRcorridor,C,115
Old River nr Tracy,7/26/1990,916,86.56430395,SouthDelta,C,124
Grant Ln Can @ Tracy Rd Bdg,7/26/1990,843,86.56430395,SouthDelta,C,113
Grant Line/Fabian/Bell Canals nr Old R.,7/26/1990,396,86.56430395,SouthDelta,C,63
Clifton Court Intake,4/24/1990,532,86.79032173,OMR,C,65
Middle River @ Union Point - P10A,9/7/2010,294,86.84207092,OMR,BN,61
Middle River @ Union Point - P10A,9/7/2010,294,86.84207092,SouthDelta,BN,61
Old River @ Middle River,1/7/2009,962,86.91076865,SouthDelta,D,129
Middle River @ Union Point - P10A,10/2/2007,335,87.02852586,OMR,C,69
Contra Costa PP Number 01,10/2/2007,928,87.02852586,OMR,C,68
Middle River @ Union Point - P10A,10/2/2007,335,87.02852586,SouthDelta,C,69
Rock Slough @ Old River,6/26/1990,377,87.03302324,OMR,C,69
P8 - San Joaquin River @ Buckley Cove,9/11/1979,519,87.07749081,SJRcorridor,BN,63
Rock Slough @ Old River,4/25/1990,864,87.22990049,OMR,C,65
Old River North of Rock Slough (St 4b),4/25/1990,905,87.22990049,OMR,C,65
Middle River at Bacon Island Bridge,4/25/1990,349,87.22990049,OMR,C,59
Little Connection Sl. @ Empire Tr.,4/25/1990,164,87.22990049,SJRcorridor,C,56
San Joaquin River @ Mossdale Bridge - C7A,4/25/1990,823,87.22990049,SJRcorridor,C,106
Old River nr Tracy,4/25/1990,1120,87.22990049,SouthDelta,C,130
Grant Ln Can @ Tracy Rd Bdg,4/25/1990,839,87.22990049,SouthDelta,C,101
Grant Line/Fabian/Bell Canals nr Old R.,4/25/1990,671,87.22990049,SouthDelta,C,81
Contra Costa PP Number 01,10/3/2000,548,87.25802224,OMR,D,74
Contra Costa PP Number 01,12/4/2007,1212,87.28423839,OMR,C,126
Middle River @ Union Point - P10A,12/4/2007,348,87.28423839,OMR,C,70
Middle River @ Union Point - P10A,12/4/2007,348,87.28423839,SouthDelta,C,70
San Joaquin River @ Mossdale Bridge - C7A,11/14/1996,690,87.30019572,SJRcorridor,W,113
Middle River @ Union Point - P10A,11/7/2016,353,87.41045331,OMR,W,56
Middle River @ Union Point - P10A,11/7/2016,353,87.41045331,SouthDelta,W,56
Contra Costa PP Number 01,12/3/2003,724,87.61870823,OMR,BN,71
Middle River @ Union Point - P10A,5/5/2014,483,87.63000727,OMR,C,78
Middle River @ Union Point - P10A,5/5/2014,483,87.63000727,SouthDelta,C,78
Clifton Court Intake,11/10/1993,418,87.72748074,OMR,C,54
Middle River at Bacon Island Bridge,11/10/1993,293,87.72748074,OMR,C,52
Middle River @ Union Point - P10A,10/7/2013,430,87.90258861,OMR,C,70
Middle River @ Union Point - P10A,10/7/2013,430,87.90258861,SouthDelta,C,70
Middle River @ Union Point - P10A,2/3/2015,415,87.92593622,OMR,C,84
Middle River @ Union Point - P10A,2/3/2015,415,87.92593622,SouthDelta,C,84
P8 - San Joaquin River @ Buckley Cove,7/7/1976,472,87.94264314,SJRcorridor,C,85
Middle River @ Union Point - P10A,10/6/2009,411,87.99178837,OMR,BN,76
Middle River @ Union Point - P10A,10/6/2009,411,87.99178837,SouthDelta,BN,76
Middle River @ Union Point - P10A,4/6/2015,419,88.0123047,OMR,C,87
Middle River @ Union Point - P10A,4/6/2015,419,88.0123047,SouthDelta,C,87
Old River @ Tracy Road Bridge - P12,1/26/2009,995,88.07443799,SouthDelta,D,127
Grant Line Canal @ Tracy Blvd,1/26/2009,952,88.07443799,SouthDelta,D,122
Contra Costa PP Number 01,9/4/2002,854,88.12309273,OMR,D,79
Contra Costa PP Number 01,11/17/1993,647,88.13138401,OMR,C,58
Middle River @ Union Point - P10A,10/1/2008,461,88.30977329,OMR,D,80
Contra Costa PP Number 01,10/1/2008,870,88.30977329,OMR,D,74
Middle River @ Union Point - P10A,10/1/2008,461,88.30977329,SouthDelta,D,80
Middle River @ Union Point - P10A,8/5/2008,304,88.35573476,OMR,C,65
Contra Costa PP Number 01,8/5/2008,492,88.35573476,OMR,C,63
Middle River @ Union Point - P10A,8/5/2008,304,88.35573476,SouthDelta,C,65
Middle River @ Union Point - P10A,11/3/2009,352,88.3635176,OMR,BN,66
Middle River @ Union Point - P10A,11/3/2009,352,88.3635176,SouthDelta,BN,66
Contra Costa PP Number 01,11/4/2003,673,88.40480968,OMR,BN,73
Middle River at Bacon Island Bridge,8/21/1991,347,88.57096592,OMR,C,63
Rock Slough @ Old River,8/21/1991,550,88.57096592,OMR,C,62
Old River North of Rock Slough (St 4b),8/21/1991,551,88.57096592,OMR,C,62
San Joaquin River @ Mossdale Bridge - C7A,8/21/1991,950,88.57096592,SJRcorridor,C,140
Little Connection Sl. @ Empire Tr.,8/21/1991,245,88.57096592,SJRcorridor,C,60
Old River nr Tracy,8/21/1991,1140,88.57096592,SouthDelta,C,140
Grant Ln Can @ Tracy Rd Bdg,8/21/1991,1000,88.57096592,SouthDelta,C,133
Grant Line/Fabian/Bell Canals nr Old R.,8/21/1991,840,88.57096592,SouthDelta,C,111
Contra Costa PP Number 01,10/7/2003,604,88.64679121,OMR,BN,75
Middle River @ Union Point - P10A,12/5/2006,341,88.65054031,OMR,D,70
Contra Costa PP Number 01,12/5/2006,461,88.65054031,OMR,D,65
Middle River @ Union Point - P10A,12/5/2006,341,88.65054031,SouthDelta,D,70
P8 - San Joaquin River @ Buckley Cove,9/27/1976,498,88.69855102,SJRcorridor,C,104
Middle River @ Union Point - P10A,8/4/2014,490,88.73599436,OMR,C,64
Middle River @ Union Point - P10A,8/4/2014,490,88.73599436,SouthDelta,C,64
Middle River @ Union Point - P10A,9/2/2008,387,88.7732302,OMR,C,71
Contra Costa PP Number 01,9/2/2008,744,88.7732302,OMR,C,68
Middle River @ Union Point - P10A,9/2/2008,387,88.7732302,SouthDelta,C,71
Old River North of Rock Slough (St 4b),6/28/1988,512,88.84197167,OMR,C,75
Old River South of Rock Slough (St 5A),6/28/1988,533,88.84197167,OMR,C,74
Contra Costa PP Number 01,11/7/2006,302,88.98570418,OMR,D,61
Middle River @ Union Point - P10A,11/7/2006,274,88.98570418,OMR,D,59
Middle River @ Union Point - P10A,11/7/2006,274,88.98570418,SouthDelta,D,59
Contra Costa PP Number 01,12/6/2004,579,88.99645057,OMR,AN,90
Old River @ Tracy Road Bridge - P12,1/12/2009,1092,89.32251087,SouthDelta,D,138
Grant Line Canal @ Tracy Blvd,1/12/2009,1009,89.32251087,SouthDelta,D,129
Contra Costa PP Number 01,10/8/2002,1120,89.3846487,OMR,AN,109
Middle River @ Union Point - P10A,1/4/2016,601,89.47617765,OMR,BN,73
Middle River @ Union Point - P10A,1/4/2016,601,89.47617765,SouthDelta,BN,73
Clifton Court Intake,6/22/1994,450,89.49535368,OMR,C,75
Middle River at Bacon Island Bridge,6/22/1994,389,89.49535368,OMR,C,70
Rock Slough @ Old River,6/22/1994,450,89.49535368,OMR,C,70
Contra Costa PP Number 01,11/6/2007,1048,89.58054651,OMR,C,88
Middle River @ Union Point - P10A,11/6/2007,427,89.58054651,OMR,C,74
Middle River @ Union Point - P10A,11/6/2007,427,89.58054651,SouthDelta,C,74
Contra Costa PP Number 01,11/7/2005,468,89.68142253,OMR,W,74
P8 - San Joaquin River @ Buckley Cove,10/13/1976,749,89.70007234,SJRcorridor,C,121
Middle River at Bacon Island Bridge,9/22/1994,407,90.04354307,OMR,C,78
Clifton Court Intake,9/22/1994,667,90.04354307,OMR,C,78
Rock Slough @ Old River,9/22/1994,988,90.04354307,OMR,C,74
Contra Costa PP Number 01,10/7/1997,640,90.04861349,OMR,W,76
Middle River @ Union Point - P10A,7/7/2014,541,90.2187572,OMR,C,69
Middle River @ Union Point - P10A,7/7/2014,541,90.2187572,SouthDelta,C,69
Clifton Court Intake,5/23/1990,654,90.30188297,OMR,C,63
Rock Slough @ Old River,5/23/1990,660,90.30188297,OMR,C,58
Middle River @ Union Point - P10A,9/2/2014,452,90.3346038,OMR,C,69
Middle River @ Union Point - P10A,9/2/2014,452,90.3346038,SouthDelta,C,69
Middle River @ Union Point - P10A,11/4/2013,463,90.34617646,OMR,C,71
Middle River @ Union Point - P10A,11/4/2013,463,90.34617646,SouthDelta,C,71
Middle River at Bacon Island Bridge,8/25/1994,336,90.48799198,OMR,C,60
Clifton Court Intake,8/25/1994,597,90.48799198,OMR,C,60
Rock Slough @ Old River,8/25/1994,805,90.48799198,OMR,C,59
Contra Costa PP Number 01,7/20/1994,666,90.6143213,OMR,C,62
Rock Slough @ Old River,7/20/1994,692,90.6143213,OMR,C,60
Middle River at Bacon Island Bridge,7/20/1994,365,90.6143213,OMR,C,59
Old River North of Rock Slough (St 4b),7/20/1994,690,90.6143213,OMR,C,59
San Joaquin River @ Mossdale Bridge - C7A,7/20/1994,942,90.6143213,SJRcorridor,C,114
Little Connection Sl. @ Empire Tr.,7/20/1994,248,90.6143213,SJRcorridor,C,54
Old River nr Tracy,7/20/1994,997,90.6143213,SouthDelta,C,121
Grant Ln Can @ Tracy Rd Bdg,7/20/1994,956,90.6143213,SouthDelta,C,116
Grant Line/Fabian/Bell Canals nr Old R.,7/20/1994,852,90.6143213,SouthDelta,C,102
Rock Slough @ Old River,5/22/1991,596,90.63835999,OMR,C,89
Old River North of Rock Slough (St 4b),5/22/1991,613,90.63835999,OMR,C,81
Grant Line/Fabian/Bell Canals nr Old R.,5/22/1991,479,90.63835999,SouthDelta,C,85
Contra Costa PP Number 01,10/13/1994,569,90.78710967,OMR,W,76
Middle River at Bacon Island Bridge,9/24/1990,368,90.82305445,OMR,C,80
Clifton Court Intake,9/24/1990,504,90.82305445,OMR,C,78
Clifton Court Intake,6/25/1992,724,90.85817896,OMR,C,73
Middle River at Bacon Island Bridge,6/25/1992,564,90.85817896,OMR,C,70
P8 - San Joaquin River @ Buckley Cove,1/25/1977,1000,90.99498693,SJRcorridor,C,118
SAN JOAQUIN R A BRANDT BR        ,1/12/2010,928,91.08275529,SJRcorridor,BN,122
San Joaquin River @ Mossdale Bridge - C7A,1/12/2010,1008,91.08275529,SJRcorridor,BN,126
Old River near Rock Slough,8/4/1959,1380,91.1135463,OMR,BN,67
Old River near Rock Slough,8/4/1959,1580,91.1135463,OMR,BN,67
Clifton Court Intake,5/21/1991,527,91.14886705,OMR,C,88
Contra Costa PP Number 01,5/21/1991,537,91.14886705,OMR,C,87
Middle River at Bacon Island Bridge,5/21/1991,359,91.14886705,OMR,C,73
San Joaquin River @ Mossdale Bridge - C7A,3/2/1989,1370,91.3346382,SJRcorridor,D,139
Grant Ln Can @ Tracy Rd Bdg,3/2/1989,1430,91.3346382,SouthDelta,D,142
Old River nr Tracy,3/2/1989,1410,91.3346382,SouthDelta,D,137
Middle R @ Tracy Rd Bdg,3/2/1989,506,91.3346382,SouthDelta,D,75
Old River near Rock Slough,6/19/1959,318,91.43818578,OMR,BN,76
Old River near Rock Slough,6/19/1959,327,91.43818578,OMR,BN,73
Clifton Court Intake,7/23/1991,528,91.47785985,OMR,C,73
San Joaquin River @ Mossdale Bridge - C7A,11/17/1994,796,91.53716312,SJRcorridor,W,108
P8 - San Joaquin River @ Buckley Cove,10/28/1976,819,91.56769133,SJRcorridor,C,136
Contra Costa PP Number 01,11/5/2002,874,91.73476989,OMR,AN,94
Clifton Court Intake,5/21/1992,463,91.77345049,OMR,C,83
Middle River at Bacon Island Bridge,5/21/1992,458,91.77345049,OMR,C,79
Old River @ Tracy Road Bridge - P12,12/23/2008,1257,91.80575032,SouthDelta,D,155
Grant Line Canal @ Tracy Blvd,12/23/2008,928,91.80575032,SouthDelta,D,123
Contra Costa PP Number 01,11/5/1997,948,91.80829068,OMR,W,74
Middle River at Bacon Island Bridge,6/28/1991,451,91.92518677,OMR,C,74
Contra Costa PP Number 01,8/23/1994,703,91.93258472,OMR,C,60
Old River near Rock Slough,9/2/1959,644,91.96611223,OMR,BN,69
Old River near Rock Slough,9/2/1959,621,91.96611223,OMR,BN,68
Contra Costa PP Number 01,8/19/1992,904,92.0935494,OMR,C,60
Middle River at Bacon Island Bridge,8/19/1992,484,92.0935494,OMR,C,59
Rock Slough @ Old River,8/19/1992,901,92.0935494,OMR,C,57
Old River North of Rock Slough (St 4b),8/19/1992,915,92.0935494,OMR,C,57
Little Connection Sl. @ Empire Tr.,8/19/1992,163,92.0935494,SJRcorridor,C,52
Grant Ln Can @ Tracy Rd Bdg,8/19/1992,1080,92.0935494,SouthDelta,C,142
Old River nr Tracy,8/19/1992,1160,92.0935494,SouthDelta,C,116
Grant Line/Fabian/Bell Canals nr Old R.,8/19/1992,822,92.0935494,SouthDelta,C,85
Contra Costa PP Number 01,6/23/1992,885,92.2794422,OMR,C,73
Middle River @ Union Point - P10A,12/1/2009,320,92.29828513,OMR,BN,64
Middle River @ Union Point - P10A,12/1/2009,320,92.29828513,SouthDelta,BN,64
Middle River @ Union Point - P10A,1/6/2014,601,92.33233742,OMR,C,72
Middle River @ Union Point - P10A,1/6/2014,601,92.33233742,SouthDelta,C,72
Contra Costa PP Number 01,5/19/1992,451,92.35936602,OMR,C,81
Contra Costa PP Number 01,9/20/1994,935,92.37559029,OMR,C,72
Contra Costa PP Number 01,9/22/1992,882,92.38888101,OMR,C,67
Contra Costa PP Number 01,7/22/1992,905,92.3938467,OMR,C,65
Middle River at Bacon Island Bridge,7/22/1992,527,92.3938467,OMR,C,61
Rock Slough @ Old River,7/22/1992,899,92.3938467,OMR,C,61
Old River North of Rock Slough (St 4b),7/22/1992,909,92.3938467,OMR,C,60
San Joaquin River @ Mossdale Bridge - C7A,7/22/1992,979,92.3938467,SJRcorridor,C,118
Little Connection Sl. @ Empire Tr.,7/22/1992,179,92.3938467,SJRcorridor,C,51
Grant Ln Can @ Tracy Rd Bdg,7/22/1992,1100,92.3938467,SouthDelta,C,139
Old River nr Tracy,7/22/1992,1120,92.3938467,SouthDelta,C,116
Grant Line/Fabian/Bell Canals nr Old R.,7/22/1992,900,92.3938467,SouthDelta,C,95
Middle River @ Union Point - P10A,11/3/2014,613,92.39401068,OMR,C,80
Middle River @ Union Point - P10A,11/3/2014,613,92.39401068,SouthDelta,C,80
Contra Costa PP Number 01,10/7/1992,900,92.45317986,OMR,AN,76
Middle River at Bacon Island Bridge,10/7/1992,522,92.45317986,OMR,AN,74
Old River North of Rock Slough (St 4b),10/7/1992,835,92.45317986,OMR,AN,72
Rock Slough @ Old River,10/7/1992,849,92.45317986,OMR,AN,72
San Joaquin River @ Mossdale Bridge - C7A,10/7/1992,944,92.45317986,SJRcorridor,AN,145
Little Connection Sl. @ Empire Tr.,10/7/1992,232,92.45317986,SJRcorridor,AN,66
Old River nr Tracy,10/7/1992,974,92.45317986,SouthDelta,AN,135
Grant Ln Can @ Tracy Rd Bdg,10/7/1992,881,92.45317986,SouthDelta,AN,124
Grant Line/Fabian/Bell Canals nr Old R.,10/7/1992,684,92.45317986,SouthDelta,AN,79
Old River @ Middle River,12/22/2008,900,92.48009562,SouthDelta,D,121
Contra Costa PP Number 01,9/11/1991,782,92.53683095,OMR,C,67
Clifton Court Intake,6/4/1992,569,92.61021102,OMR,C,82
Contra Costa PP Number 01,11/9/1994,988,92.63852791,OMR,W,72
Contra Costa PP Number 01,1/23/1992,732,92.69366513,OMR,C,71
Middle River at Bacon Island Bridge,1/23/1992,455,92.69366513,OMR,C,70
Rock Slough @ Old River,1/23/1992,792,92.69366513,OMR,C,68
San Joaquin River @ Mossdale Bridge - C7A,1/23/1992,1080,92.69366513,SJRcorridor,C,135
Little Connection Sl. @ Empire Tr.,1/23/1992,247,92.69366513,SJRcorridor,C,76
Old River nr Tracy,1/23/1992,1150,92.69366513,SouthDelta,C,142
Grant Ln Can @ Tracy Rd Bdg,1/23/1992,1100,92.69366513,SouthDelta,C,134
Grant Line/Fabian/Bell Canals nr Old R.,1/23/1992,546,92.69366513,SouthDelta,C,71
San Joaquin River @ Mossdale Bridge - C7A,12/12/2009,789,92.72553683,SJRcorridor,BN,112
SAN JOAQUIN R A BRANDT BR        ,12/12/2009,766,92.72553683,SJRcorridor,BN,113
Middle River at Bacon Island Bridge,9/10/1991,323,92.73110822,OMR,C,63
Clifton Court Intake,9/10/1991,469,92.73110822,OMR,C,62
Middle River at Bacon Island Bridge,10/20/1994,464,92.73586707,OMR,W,81
Clifton Court Intake,10/20/1994,451,92.73586707,OMR,W,76
Rock Slough @ Old River,10/20/1994,636,92.73586707,OMR,W,70
Contra Costa PP Number 01,12/2/2008,574,92.75840841,OMR,D,90
Middle River @ Union Point - P10A,12/2/2008,511,92.75840841,OMR,D,77
Middle River @ Union Point - P10A,12/2/2008,511,92.75840841,SouthDelta,D,77
Contra Costa PP Number 01,11/6/2001,898,92.77803114,OMR,D,93
Middle River at Bacon Island Bridge,7/24/1991,404,92.78926842,OMR,C,68
Old River North of Rock Slough (St 4b),7/24/1991,595,92.78926842,OMR,C,67
Rock Slough @ Old River,7/24/1991,596,92.78926842,OMR,C,67
San Joaquin River @ Mossdale Bridge - C7A,7/24/1991,962,92.78926842,SJRcorridor,C,129
Little Connection Sl. @ Empire Tr.,7/24/1991,275,92.78926842,SJRcorridor,C,60
Old River nr Tracy,7/24/1991,1110,92.78926842,SouthDelta,C,145
Grant Ln Can @ Tracy Rd Bdg,7/24/1991,974,92.78926842,SouthDelta,C,127
Grant Line/Fabian/Bell Canals nr Old R.,7/24/1991,511,92.78926842,SouthDelta,C,72
Middle R @ Tracy Rd Bdg,7/24/1991,454,92.78926842,SouthDelta,C,72
Contra Costa PP Number 01,6/24/1991,705,92.83977948,OMR,C,78
Clifton Court Intake,9/24/1992,717,92.85385013,OMR,C,68
Middle River at Bacon Island Bridge,9/24/1992,458,92.85385013,OMR,C,66
P8 - San Joaquin River @ Buckley Cove,11/10/1976,1075,92.93277,SJRcorridor,C,153
Contra Costa PP Number 01,12/3/2002,850,93.0185482,OMR,AN,98
Contra Costa PP Number 01,11/3/2008,642,93.02142734,OMR,D,82
Middle River @ Union Point - P10A,11/3/2008,443,93.02142734,OMR,D,76
Middle River @ Union Point - P10A,11/3/2008,443,93.02142734,SouthDelta,D,76
Clifton Court Intake,6/25/1991,607,93.04612539,OMR,C,80
P8 - San Joaquin River @ Buckley Cove,3/10/1977,791,93.08331717,SJRcorridor,C,94
Middle River at Bacon Island Bridge,12/11/1990,542,93.08539402,OMR,C,76
Clifton Court Intake,12/11/1990,853,93.08539402,OMR,C,73
P8 - San Joaquin River @ Buckley Cove,2/23/1977,942,93.09831658,SJRcorridor,C,113
P8 - San Joaquin River @ Buckley Cove,3/28/1977,792,93.2301192,SJRcorridor,C,98
Middle River @ Union Point - P10A,6/1/2015,697,93.2549537,OMR,C,87
Middle River @ Union Point - P10A,6/1/2015,697,93.2549537,SouthDelta,C,87
Middle River @ Union Point - P10A,12/2/2013,507,93.39492499,OMR,C,68
Middle River @ Union Point - P10A,12/2/2013,507,93.39492499,SouthDelta,C,68
Middle River at Bacon Island Bridge,11/21/1991,547,93.42904814,OMR,C,70
Clifton Court Intake,11/21/1991,688,93.42904814,OMR,C,65
Old River near Rock Slough,8/18/1959,937,93.54824528,OMR,BN,66
Old River near Rock Slough,8/18/1959,1000,93.54824528,OMR,BN,64
Middle River @ Union Point - P10A,6/2/2014,436,93.56618111,OMR,C,74
Middle River @ Union Point - P10A,6/2/2014,436,93.56618111,SouthDelta,C,74
P8 - San Joaquin River @ Buckley Cove,5/10/1977,686,93.59917768,SJRcorridor,C,86
Middle River @ Union Point - P10A,12/1/2014,542,93.6049299,OMR,C,73
Middle River @ Union Point - P10A,12/1/2014,542,93.6049299,SouthDelta,C,73
P8 - San Joaquin River @ Buckley Cove,4/12/1977,726,93.62243221,SJRcorridor,C,89
Contra Costa PP Number 01,11/19/1991,836,93.6335894,OMR,C,68
Middle River at Bacon Island Bridge,11/19/1992,607,93.66767375,OMR,AN,76
Clifton Court Intake,11/19/1992,737,93.66767375,OMR,AN,76
Old River @ Tracy Road Bridge - P12,12/11/2008,1047,93.85276614,SouthDelta,D,143
Grant Line Canal @ Tracy Blvd,12/11/2008,898,93.85276614,SouthDelta,D,122
P8 - San Joaquin River @ Buckley Cove,5/25/1977,685,93.86880732,SJRcorridor,C,90
Middle River @ Union Point - P10A,11/2/2015,675,93.88533024,OMR,BN,78
Middle River @ Union Point - P10A,11/2/2015,675,93.88533024,SouthDelta,BN,78
Middle River at Bacon Island Bridge,11/13/1990,625,93.89378554,OMR,C,87
Clifton Court Intake,11/13/1990,689,93.89378554,OMR,C,78
Middle River @ Union Point - P10A,2/3/2014,774,93.92384943,OMR,C,81
Middle River @ Union Point - P10A,2/3/2014,774,93.92384943,SouthDelta,C,81
Middle River at Bacon Island Bridge,10/24/1990,585,94.04183083,OMR,C,86
Old River North of Rock Slough (St 4b),10/24/1990,921,94.04183083,OMR,C,75
Rock Slough @ Old River,10/24/1990,960,94.04183083,OMR,C,75
Little Connection Sl. @ Empire Tr.,10/24/1990,191,94.04183083,SJRcorridor,C,60
San Joaquin River @ Mossdale Bridge - C7A,10/24/1990,739,94.04183083,SJRcorridor,C,108
Old River nr Tracy,10/24/1990,1140,94.04183083,SouthDelta,C,158
Grant Ln Can @ Tracy Rd Bdg,10/24/1990,1030,94.04183083,SouthDelta,C,142
Grant Line/Fabian/Bell Canals nr Old R.,10/24/1990,703,94.04183083,SouthDelta,C,82
Clifton Court Intake,1/31/1991,731,94.0793962,OMR,C,76
Middle River @ Union Point - P10A,5/4/2015,568,94.17154572,OMR,C,90
Middle River @ Union Point - P10A,5/4/2015,568,94.17154572,SouthDelta,C,90
Contra Costa PP Number 01,10/23/1991,585,94.27657666,OMR,C,69
Middle River at Bacon Island Bridge,10/23/1991,365,94.27657666,OMR,C,67
Rock Slough @ Old River,10/23/1991,637,94.27657666,OMR,C,65
Old River North of Rock Slough (St 4b),10/23/1991,665,94.27657666,OMR,C,65
San Joaquin River @ Mossdale Bridge - C7A,10/23/1991,727,94.27657666,SJRcorridor,C,118
Little Connection Sl. @ Empire Tr.,10/23/1991,160,94.27657666,SJRcorridor,C,53
Old River nr Tracy,10/23/1991,1220,94.27657666,SouthDelta,C,173
Grant Ln Can @ Tracy Rd Bdg,10/23/1991,997,94.27657666,SouthDelta,C,146
Grant Line/Fabian/Bell Canals nr Old R.,10/23/1991,463,94.27657666,SouthDelta,C,71
Contra Costa PP Number 01,12/9/1991,988,94.2937316,OMR,C,67
Old River near Rock Slough,7/7/1959,716,94.29889644,OMR,BN,74
Old River near Rock Slough,7/7/1959,749,94.29889644,OMR,BN,73
P8 - San Joaquin River @ Buckley Cove,9/20/1977,667,94.30759826,SJRcorridor,C,86
Middle River at Bacon Island Bridge,2/26/1991,610,94.34149831,OMR,C,77
Clifton Court Intake,12/11/1991,810,94.35994762,OMR,C,81
Middle River at Bacon Island Bridge,12/11/1991,609,94.35994762,OMR,C,67
Clifton Court Intake,10/23/1990,710,94.64630634,OMR,C,82
P8 - San Joaquin River @ Buckley Cove,8/9/1977,685,94.66206153,SJRcorridor,C,71
Contra Costa PP Number 01,1/8/2001,1030,94.68792213,OMR,D,91
P8 - San Joaquin River @ Buckley Cove,4/26/1977,658,94.7314341,SJRcorridor,C,87
Middle River @ Union Point - P10A,9/9/2015,581,94.75346141,OMR,C,68
Middle River @ Union Point - P10A,9/9/2015,581,94.75346141,SouthDelta,C,68
Middle River @ Union Point - P10A,10/6/2014,503,94.77701545,OMR,C,79
Middle River @ Union Point - P10A,10/6/2014,503,94.77701545,SouthDelta,C,79
Contra Costa PP Number 01,11/17/1992,943,94.87189975,OMR,AN,74
Middle River at Bacon Island Bridge,1/29/1991,532,94.90599798,OMR,C,74
Rock Slough @ Old River,1/29/1991,897,94.90599798,OMR,C,73
Old River North of Rock Slough (St 4b),1/29/1991,878,94.90599798,OMR,C,71
Little Connection Sl. @ Empire Tr.,1/29/1991,344,94.90599798,SJRcorridor,C,81
San Joaquin River @ Mossdale Bridge - C7A,1/29/1991,1100,94.90599798,SJRcorridor,C,135
Old River nr Tracy,1/29/1991,1320,94.90599798,SouthDelta,C,157
Grant Ln Can @ Tracy Rd Bdg,1/29/1991,1240,94.90599798,SouthDelta,C,143
Grant Line/Fabian/Bell Canals nr Old R.,1/29/1991,700,94.90599798,SouthDelta,C,79
Middle River @ Union Point - P10A,12/7/2015,710,94.9140377,OMR,BN,78
Middle River @ Union Point - P10A,12/7/2015,710,94.9140377,SouthDelta,BN,78
Middle River @ Union Point - P10A,10/5/2015,616,94.93479848,OMR,BN,77
Middle River @ Union Point - P10A,10/5/2015,616,94.93479848,SouthDelta,BN,77
Clifton Court Intake,2/27/1991,840,95.15255136,OMR,C,78
P8 - San Joaquin River @ Buckley Cove,10/4/1977,766,95.16189775,SJRcorridor,AN,109
P8 - San Joaquin River @ Buckley Cove,8/22/1977,703,95.22599302,SJRcorridor,C,77
Middle River @ Union Point - P10A,8/3/2015,648,95.38511805,OMR,C,70
Middle River @ Union Point - P10A,8/3/2015,648,95.38511805,SouthDelta,C,70
P8 - San Joaquin River @ Buckley Cove,6/23/1977,610,95.42512283,SJRcorridor,C,75
Clifton Court Intake,12/10/1992,875,95.44056579,OMR,AN,107
Middle River at Bacon Island Bridge,12/10/1992,686,95.44056579,OMR,AN,73
Middle River @ Union Point - P10A,7/6/2015,667,95.81957478,OMR,C,75
Middle River @ Union Point - P10A,7/6/2015,667,95.81957478,SouthDelta,C,75
Old River near Rock Slough,7/21/1959,1320,95.92495125,OMR,BN,69
Old River near Rock Slough,7/21/1959,1740,95.92495125,OMR,BN,67
P8 - San Joaquin River @ Buckley Cove,6/6/1977,617,96.28690157,SJRcorridor,C,84
P8 - San Joaquin River @ Buckley Cove,11/15/1977,1410,96.41856401,SJRcorridor,AN,198
Contra Costa PP Number 01,12/8/1992,933,96.70881536,OMR,AN,75
P8 - San Joaquin River @ Buckley Cove,12/16/1977,1140,97.47276004,SJRcorridor,AN,142
P8 - San Joaquin River @ Buckley Cove,9/2/1977,676,97.63934042,SJRcorridor,C,77
